num.gene,km.pvalue,core.gene
1 gene,0.0111728658684831,RP11-483E7.1
1 gene,0.2562450464084,NLRX1
1 gene,0.516995423705324,RP11-203J24.8
1 gene,0.0626977811885699,DSG1
1 gene,0.699781789597911,RP11-46H11.12
1 gene,0.984025001768244,NAV2
1 gene,0.623543201061854,CTB-32O4.2
1 gene,0.993292645027604,AC131097.4
1 gene,0.22328993817724,GS1-115G20.1
1 gene,0.0452245309446317,KIT
2 genes,0.0482580605639255,RP11-483E7.1 | NLRX1
2 genes,0.230245659677537,RP11-483E7.1 | RP11-203J24.8
2 genes,0.0479883851917714,RP11-483E7.1 | DSG1
2 genes,0.282256403527214,RP11-483E7.1 | RP11-46H11.12
2 genes,0.554563689361004,RP11-483E7.1 | NAV2
2 genes,0.034255515743878,RP11-483E7.1 | CTB-32O4.2
2 genes,0.172434581481896,RP11-483E7.1 | AC131097.4
2 genes,0.158327796519569,RP11-483E7.1 | GS1-115G20.1
2 genes,0.12259380910701,RP11-483E7.1 | KIT
2 genes,0.535004064452238,NLRX1 | RP11-203J24.8
2 genes,0.319213952194788,NLRX1 | DSG1
2 genes,0.3536527794172,NLRX1 | RP11-46H11.12
2 genes,0.236947493397774,NLRX1 | NAV2
2 genes,0.181276715241804,NLRX1 | CTB-32O4.2
2 genes,0.0451284110820842,NLRX1 | AC131097.4
2 genes,0.0233178109273778,NLRX1 | GS1-115G20.1
2 genes,0.0208073662883063,NLRX1 | KIT
2 genes,0.989155236746553,RP11-203J24.8 | DSG1
2 genes,0.0724872827346467,RP11-203J24.8 | RP11-46H11.12
2 genes,0.330040656253728,RP11-203J24.8 | NAV2
2 genes,0.244539732952426,RP11-203J24.8 | CTB-32O4.2
2 genes,0.0928703700824878,RP11-203J24.8 | AC131097.4
2 genes,0.447115078608426,RP11-203J24.8 | GS1-115G20.1
2 genes,0.242724705240954,RP11-203J24.8 | KIT
2 genes,0.0992584741530379,DSG1 | RP11-46H11.12
2 genes,0.306538300228842,DSG1 | NAV2
2 genes,0.00454981467883364,DSG1 | CTB-32O4.2
2 genes,0.0212156758764663,DSG1 | AC131097.4
2 genes,0.0683073165009053,DSG1 | GS1-115G20.1
2 genes,0.565998331767338,DSG1 | KIT
2 genes,0.358312592785467,RP11-46H11.12 | NAV2
2 genes,0.199246343041208,RP11-46H11.12 | CTB-32O4.2
2 genes,0.215238178708083,RP11-46H11.12 | AC131097.4
2 genes,0.0930235001199958,RP11-46H11.12 | GS1-115G20.1
2 genes,0.0299057279543464,RP11-46H11.12 | KIT
2 genes,0.0454131858649105,NAV2 | CTB-32O4.2
2 genes,0.40765796858299,NAV2 | AC131097.4
2 genes,0.669640057104468,NAV2 | GS1-115G20.1
2 genes,0.275482036082593,NAV2 | KIT
2 genes,0.137756104374305,CTB-32O4.2 | AC131097.4
2 genes,0.0433445752587149,CTB-32O4.2 | GS1-115G20.1
2 genes,0.0652014371986323,CTB-32O4.2 | KIT
2 genes,0.179452361310964,AC131097.4 | GS1-115G20.1
2 genes,0.224850509441447,AC131097.4 | KIT
2 genes,0.055416244076445,GS1-115G20.1 | KIT
3 genes,0.0908257309915117,RP11-483E7.1 | NLRX1 | RP11-203J24.8
3 genes,0.0262936137650523,RP11-483E7.1 | NLRX1 | DSG1
3 genes,0.180225093482771,RP11-483E7.1 | NLRX1 | RP11-46H11.12
3 genes,0.244050209895872,RP11-483E7.1 | NLRX1 | NAV2
3 genes,0.0314654255028267,RP11-483E7.1 | NLRX1 | CTB-32O4.2
3 genes,0.027363003119461,RP11-483E7.1 | NLRX1 | AC131097.4
3 genes,0.11760213827653,RP11-483E7.1 | NLRX1 | GS1-115G20.1
3 genes,0.000862341633404817,RP11-483E7.1 | NLRX1 | KIT
3 genes,0.31931618678591,RP11-483E7.1 | RP11-203J24.8 | DSG1
3 genes,0.00929862486242561,RP11-483E7.1 | RP11-203J24.8 | RP11-46H11.12
3 genes,0.0607400256278864,RP11-483E7.1 | RP11-203J24.8 | NAV2
3 genes,0.00708112865850052,RP11-483E7.1 | RP11-203J24.8 | CTB-32O4.2
3 genes,0.022433133135526,RP11-483E7.1 | RP11-203J24.8 | AC131097.4
3 genes,0.298269040324299,RP11-483E7.1 | RP11-203J24.8 | GS1-115G20.1
3 genes,0.113838669447522,RP11-483E7.1 | RP11-203J24.8 | KIT
3 genes,0.0703196415019677,RP11-483E7.1 | DSG1 | RP11-46H11.12
3 genes,0.13989297623223,RP11-483E7.1 | DSG1 | NAV2
3 genes,0.00486835779224015,RP11-483E7.1 | DSG1 | CTB-32O4.2
3 genes,0.015609479472482,RP11-483E7.1 | DSG1 | AC131097.4
3 genes,0.084569047298681,RP11-483E7.1 | DSG1 | GS1-115G20.1
3 genes,0.0407241712598462,RP11-483E7.1 | DSG1 | KIT
3 genes,0.21319030729802,RP11-483E7.1 | RP11-46H11.12 | NAV2
3 genes,0.010961028565867,RP11-483E7.1 | RP11-46H11.12 | CTB-32O4.2
3 genes,0.0975131952915621,RP11-483E7.1 | RP11-46H11.12 | AC131097.4
3 genes,0.103950383251634,RP11-483E7.1 | RP11-46H11.12 | GS1-115G20.1
3 genes,0.0511616346676667,RP11-483E7.1 | RP11-46H11.12 | KIT
3 genes,0.00117470624315574,RP11-483E7.1 | NAV2 | CTB-32O4.2
3 genes,0.165912291317546,RP11-483E7.1 | NAV2 | AC131097.4
3 genes,0.205956160830889,RP11-483E7.1 | NAV2 | GS1-115G20.1
3 genes,0.332397219506065,RP11-483E7.1 | NAV2 | KIT
3 genes,0.00668446893847285,RP11-483E7.1 | CTB-32O4.2 | AC131097.4
3 genes,0.00365684510933995,RP11-483E7.1 | CTB-32O4.2 | GS1-115G20.1
3 genes,0.0259117092258896,RP11-483E7.1 | CTB-32O4.2 | KIT
3 genes,0.106583405831173,RP11-483E7.1 | AC131097.4 | GS1-115G20.1
3 genes,0.200177626115832,RP11-483E7.1 | AC131097.4 | KIT
3 genes,0.0584932048700316,RP11-483E7.1 | GS1-115G20.1 | KIT
3 genes,0.678114515061077,NLRX1 | RP11-203J24.8 | DSG1
3 genes,0.0238467322585074,NLRX1 | RP11-203J24.8 | RP11-46H11.12
3 genes,0.129692738832157,NLRX1 | RP11-203J24.8 | NAV2
3 genes,0.133567310633837,NLRX1 | RP11-203J24.8 | CTB-32O4.2
3 genes,0.013167025732322,NLRX1 | RP11-203J24.8 | AC131097.4
3 genes,0.276291724402043,NLRX1 | RP11-203J24.8 | GS1-115G20.1
3 genes,0.0651935610165914,NLRX1 | RP11-203J24.8 | KIT
3 genes,0.358378562277424,NLRX1 | DSG1 | RP11-46H11.12
3 genes,0.313054296663918,NLRX1 | DSG1 | NAV2
3 genes,0.10942436037233,NLRX1 | DSG1 | CTB-32O4.2
3 genes,0.00399140607518589,NLRX1 | DSG1 | AC131097.4
3 genes,0.0265075634500922,NLRX1 | DSG1 | GS1-115G20.1
3 genes,0.0194660259322557,NLRX1 | DSG1 | KIT
3 genes,0.111660870578121,NLRX1 | RP11-46H11.12 | NAV2
3 genes,0.0674978348132735,NLRX1 | RP11-46H11.12 | CTB-32O4.2
3 genes,0.0383818792610074,NLRX1 | RP11-46H11.12 | AC131097.4
3 genes,0.0630495784723216,NLRX1 | RP11-46H11.12 | GS1-115G20.1
3 genes,0.00264508161654708,NLRX1 | RP11-46H11.12 | KIT
3 genes,0.00111880128283759,NLRX1 | NAV2 | CTB-32O4.2
3 genes,0.0898105057231608,NLRX1 | NAV2 | AC131097.4
3 genes,0.0425018989394671,NLRX1 | NAV2 | GS1-115G20.1
3 genes,0.0161476357974898,NLRX1 | NAV2 | KIT
3 genes,0.0189692348406234,NLRX1 | CTB-32O4.2 | AC131097.4
3 genes,0.0836196247069986,NLRX1 | CTB-32O4.2 | GS1-115G20.1
3 genes,0.00452283172724199,NLRX1 | CTB-32O4.2 | KIT
3 genes,0.019992625955298,NLRX1 | AC131097.4 | GS1-115G20.1
3 genes,0.00095878143492123,NLRX1 | AC131097.4 | KIT
3 genes,4.00723191813501e-05,NLRX1 | GS1-115G20.1 | KIT
3 genes,0.0691991316162638,RP11-203J24.8 | DSG1 | RP11-46H11.12
3 genes,0.206649168796753,RP11-203J24.8 | DSG1 | NAV2
3 genes,0.189090238501108,RP11-203J24.8 | DSG1 | CTB-32O4.2
3 genes,0.241494569132607,RP11-203J24.8 | DSG1 | AC131097.4
3 genes,0.43665611657795,RP11-203J24.8 | DSG1 | GS1-115G20.1
3 genes,0.0538490374353646,RP11-203J24.8 | DSG1 | KIT
3 genes,0.0650173653825297,RP11-203J24.8 | RP11-46H11.12 | NAV2
3 genes,0.0185348497341533,RP11-203J24.8 | RP11-46H11.12 | CTB-32O4.2
3 genes,0.0163534644062855,RP11-203J24.8 | RP11-46H11.12 | AC131097.4
3 genes,0.103596199421152,RP11-203J24.8 | RP11-46H11.12 | GS1-115G20.1
3 genes,0.0286230302151533,RP11-203J24.8 | RP11-46H11.12 | KIT
3 genes,0.00606971954684488,RP11-203J24.8 | NAV2 | CTB-32O4.2
3 genes,0.276501796447087,RP11-203J24.8 | NAV2 | AC131097.4
3 genes,0.338849839530823,RP11-203J24.8 | NAV2 | GS1-115G20.1
3 genes,0.202459251368707,RP11-203J24.8 | NAV2 | KIT
3 genes,0.0308748226241997,RP11-203J24.8 | CTB-32O4.2 | AC131097.4
3 genes,0.31403029721941,RP11-203J24.8 | CTB-32O4.2 | GS1-115G20.1
3 genes,0.0379211994873218,RP11-203J24.8 | CTB-32O4.2 | KIT
3 genes,0.156172126595506,RP11-203J24.8 | AC131097.4 | GS1-115G20.1
3 genes,0.0668856382044989,RP11-203J24.8 | AC131097.4 | KIT
3 genes,0.100272919547291,RP11-203J24.8 | GS1-115G20.1 | KIT
3 genes,0.194163120294798,DSG1 | RP11-46H11.12 | NAV2
3 genes,0.00375294239089896,DSG1 | RP11-46H11.12 | CTB-32O4.2
3 genes,0.059680249812002,DSG1 | RP11-46H11.12 | AC131097.4
3 genes,0.107999138048829,DSG1 | RP11-46H11.12 | GS1-115G20.1
3 genes,0.17320787222462,DSG1 | RP11-46H11.12 | KIT
3 genes,0.0180542418678128,DSG1 | NAV2 | CTB-32O4.2
3 genes,0.191224113873432,DSG1 | NAV2 | AC131097.4
3 genes,0.471297929466513,DSG1 | NAV2 | GS1-115G20.1
3 genes,0.404153853192216,DSG1 | NAV2 | KIT
3 genes,0.0576574356000773,DSG1 | CTB-32O4.2 | AC131097.4
3 genes,0.0381236411836787,DSG1 | CTB-32O4.2 | GS1-115G20.1
3 genes,0.00137399974743657,DSG1 | CTB-32O4.2 | KIT
3 genes,0.0504406188379981,DSG1 | AC131097.4 | GS1-115G20.1
3 genes,0.0136401944757895,DSG1 | AC131097.4 | KIT
3 genes,0.0400603810711604,DSG1 | GS1-115G20.1 | KIT
3 genes,0.00792356953480211,RP11-46H11.12 | NAV2 | CTB-32O4.2
3 genes,0.0420442503563078,RP11-46H11.12 | NAV2 | AC131097.4
3 genes,0.0731561344356949,RP11-46H11.12 | NAV2 | GS1-115G20.1
3 genes,0.0428146855445224,RP11-46H11.12 | NAV2 | KIT
3 genes,0.0564265199805455,RP11-46H11.12 | CTB-32O4.2 | AC131097.4
3 genes,0.017875022398349,RP11-46H11.12 | CTB-32O4.2 | GS1-115G20.1
3 genes,0.0125648374001212,RP11-46H11.12 | CTB-32O4.2 | KIT
3 genes,0.130020938768768,RP11-46H11.12 | AC131097.4 | GS1-115G20.1
3 genes,0.019243429357938,RP11-46H11.12 | AC131097.4 | KIT
3 genes,0.00891746486984757,RP11-46H11.12 | GS1-115G20.1 | KIT
3 genes,0.00880014297943654,NAV2 | CTB-32O4.2 | AC131097.4
3 genes,0.00251667711437487,NAV2 | CTB-32O4.2 | GS1-115G20.1
3 genes,0.0369848471181545,NAV2 | CTB-32O4.2 | KIT
3 genes,0.259164869738381,NAV2 | AC131097.4 | GS1-115G20.1
3 genes,0.242727703022056,NAV2 | AC131097.4 | KIT
3 genes,0.462412342201089,NAV2 | GS1-115G20.1 | KIT
3 genes,0.289626187317081,CTB-32O4.2 | AC131097.4 | GS1-115G20.1
3 genes,0.0274125667393722,CTB-32O4.2 | AC131097.4 | KIT
3 genes,0.000882822600455135,CTB-32O4.2 | GS1-115G20.1 | KIT
3 genes,0.171082528205564,AC131097.4 | GS1-115G20.1 | KIT
4 genes,0.247476653018096,RP11-483E7.1 | NLRX1 | RP11-203J24.8 | DSG1
4 genes,0.131681972679863,RP11-483E7.1 | NLRX1 | RP11-203J24.8 | RP11-46H11.12
4 genes,0.0352906062090579,RP11-483E7.1 | NLRX1 | RP11-203J24.8 | NAV2
4 genes,0.00290998624820338,RP11-483E7.1 | NLRX1 | RP11-203J24.8 | CTB-32O4.2
4 genes,0.0464425550444784,RP11-483E7.1 | NLRX1 | RP11-203J24.8 | AC131097.4
4 genes,0.0271338006485605,RP11-483E7.1 | NLRX1 | RP11-203J24.8 | GS1-115G20.1
4 genes,0.000599959316924803,RP11-483E7.1 | NLRX1 | RP11-203J24.8 | KIT
4 genes,0.128714150567768,RP11-483E7.1 | NLRX1 | DSG1 | RP11-46H11.12
4 genes,0.279533871173983,RP11-483E7.1 | NLRX1 | DSG1 | NAV2
4 genes,0.00454576934306772,RP11-483E7.1 | NLRX1 | DSG1 | CTB-32O4.2
4 genes,0.00646197045632579,RP11-483E7.1 | NLRX1 | DSG1 | AC131097.4
4 genes,0.0436552854545688,RP11-483E7.1 | NLRX1 | DSG1 | GS1-115G20.1
4 genes,0.0161772156099518,RP11-483E7.1 | NLRX1 | DSG1 | KIT
4 genes,0.0544410358615318,RP11-483E7.1 | NLRX1 | RP11-46H11.12 | NAV2
4 genes,0.043731512256693,RP11-483E7.1 | NLRX1 | RP11-46H11.12 | CTB-32O4.2
4 genes,0.13516924443249,RP11-483E7.1 | NLRX1 | RP11-46H11.12 | AC131097.4
4 genes,0.274623194970217,RP11-483E7.1 | NLRX1 | RP11-46H11.12 | GS1-115G20.1
4 genes,0.0203393696877648,RP11-483E7.1 | NLRX1 | RP11-46H11.12 | KIT
4 genes,0.00118463832199156,RP11-483E7.1 | NLRX1 | NAV2 | CTB-32O4.2
4 genes,0.131362925802217,RP11-483E7.1 | NLRX1 | NAV2 | AC131097.4
4 genes,0.218404920815446,RP11-483E7.1 | NLRX1 | NAV2 | GS1-115G20.1
4 genes,0.0430791735970577,RP11-483E7.1 | NLRX1 | NAV2 | KIT
4 genes,0.00233647078821664,RP11-483E7.1 | NLRX1 | CTB-32O4.2 | AC131097.4
4 genes,0.00734572679580903,RP11-483E7.1 | NLRX1 | CTB-32O4.2 | GS1-115G20.1
4 genes,0.00679287478537982,RP11-483E7.1 | NLRX1 | CTB-32O4.2 | KIT
4 genes,0.0170785292438729,RP11-483E7.1 | NLRX1 | AC131097.4 | GS1-115G20.1
4 genes,0.00527625827468536,RP11-483E7.1 | NLRX1 | AC131097.4 | KIT
4 genes,0.00587275239174412,RP11-483E7.1 | NLRX1 | GS1-115G20.1 | KIT
4 genes,0.0247653835231367,RP11-483E7.1 | RP11-203J24.8 | DSG1 | RP11-46H11.12
4 genes,0.131774088037381,RP11-483E7.1 | RP11-203J24.8 | DSG1 | NAV2
4 genes,0.00655895631452019,RP11-483E7.1 | RP11-203J24.8 | DSG1 | CTB-32O4.2
4 genes,0.0928014439864471,RP11-483E7.1 | RP11-203J24.8 | DSG1 | AC131097.4
4 genes,0.0612658646756064,RP11-483E7.1 | RP11-203J24.8 | DSG1 | GS1-115G20.1
4 genes,0.143533547145331,RP11-483E7.1 | RP11-203J24.8 | DSG1 | KIT
4 genes,0.00482401454918246,RP11-483E7.1 | RP11-203J24.8 | RP11-46H11.12 | NAV2
4 genes,0.000904915204873236,RP11-483E7.1 | RP11-203J24.8 | RP11-46H11.12 | CTB-32O4.2
4 genes,0.00158268624556046,RP11-483E7.1 | RP11-203J24.8 | RP11-46H11.12 | AC131097.4
4 genes,0.00846943470625172,RP11-483E7.1 | RP11-203J24.8 | RP11-46H11.12 | GS1-115G20.1
4 genes,0.00736476024614885,RP11-483E7.1 | RP11-203J24.8 | RP11-46H11.12 | KIT
4 genes,0.000302963507001541,RP11-483E7.1 | RP11-203J24.8 | NAV2 | CTB-32O4.2
4 genes,0.0927765880464835,RP11-483E7.1 | RP11-203J24.8 | NAV2 | AC131097.4
4 genes,0.265583241499089,RP11-483E7.1 | RP11-203J24.8 | NAV2 | GS1-115G20.1
4 genes,0.0236224026111218,RP11-483E7.1 | RP11-203J24.8 | NAV2 | KIT
4 genes,0.00856694546682291,RP11-483E7.1 | RP11-203J24.8 | CTB-32O4.2 | AC131097.4
4 genes,0.00823285895134218,RP11-483E7.1 | RP11-203J24.8 | CTB-32O4.2 | GS1-115G20.1
4 genes,0.00214127399966701,RP11-483E7.1 | RP11-203J24.8 | CTB-32O4.2 | KIT
4 genes,0.0316561191576809,RP11-483E7.1 | RP11-203J24.8 | AC131097.4 | GS1-115G20.1
4 genes,0.00135565328770337,RP11-483E7.1 | RP11-203J24.8 | AC131097.4 | KIT
4 genes,0.0975714549619142,RP11-483E7.1 | RP11-203J24.8 | GS1-115G20.1 | KIT
4 genes,0.0083755451537193,RP11-483E7.1 | DSG1 | RP11-46H11.12 | NAV2
4 genes,0.00826221154636719,RP11-483E7.1 | DSG1 | RP11-46H11.12 | CTB-32O4.2
4 genes,0.00540918327498596,RP11-483E7.1 | DSG1 | RP11-46H11.12 | AC131097.4
4 genes,0.0354889413002355,RP11-483E7.1 | DSG1 | RP11-46H11.12 | GS1-115G20.1
4 genes,0.0406841219745131,RP11-483E7.1 | DSG1 | RP11-46H11.12 | KIT
4 genes,0.000858589385274056,RP11-483E7.1 | DSG1 | NAV2 | CTB-32O4.2
4 genes,0.0514999978636441,RP11-483E7.1 | DSG1 | NAV2 | AC131097.4
4 genes,0.131336796945262,RP11-483E7.1 | DSG1 | NAV2 | GS1-115G20.1
4 genes,0.0455477735584121,RP11-483E7.1 | DSG1 | NAV2 | KIT
4 genes,0.000527516783829562,RP11-483E7.1 | DSG1 | CTB-32O4.2 | AC131097.4
4 genes,0.012868624436329,RP11-483E7.1 | DSG1 | CTB-32O4.2 | GS1-115G20.1
4 genes,0.00126400351372924,RP11-483E7.1 | DSG1 | CTB-32O4.2 | KIT
4 genes,0.0241227749149273,RP11-483E7.1 | DSG1 | AC131097.4 | GS1-115G20.1
4 genes,0.0210795751375076,RP11-483E7.1 | DSG1 | AC131097.4 | KIT
4 genes,0.00623611245969113,RP11-483E7.1 | DSG1 | GS1-115G20.1 | KIT
4 genes,0.00573149428827635,RP11-483E7.1 | RP11-46H11.12 | NAV2 | CTB-32O4.2
4 genes,0.00363667784478472,RP11-483E7.1 | RP11-46H11.12 | NAV2 | AC131097.4
4 genes,0.110653485817814,RP11-483E7.1 | RP11-46H11.12 | NAV2 | GS1-115G20.1
4 genes,0.01933319501177,RP11-483E7.1 | RP11-46H11.12 | NAV2 | KIT
4 genes,0.00765765969255749,RP11-483E7.1 | RP11-46H11.12 | CTB-32O4.2 | AC131097.4
4 genes,0.00853533059464584,RP11-483E7.1 | RP11-46H11.12 | CTB-32O4.2 | GS1-115G20.1
4 genes,0.000975064541149706,RP11-483E7.1 | RP11-46H11.12 | CTB-32O4.2 | KIT
4 genes,0.0252845273047261,RP11-483E7.1 | RP11-46H11.12 | AC131097.4 | GS1-115G20.1
4 genes,0.0234830906452825,RP11-483E7.1 | RP11-46H11.12 | AC131097.4 | KIT
4 genes,0.0790459565780026,RP11-483E7.1 | RP11-46H11.12 | GS1-115G20.1 | KIT
4 genes,8.90907373830574e-05,RP11-483E7.1 | NAV2 | CTB-32O4.2 | AC131097.4
4 genes,0.000905241534233658,RP11-483E7.1 | NAV2 | CTB-32O4.2 | GS1-115G20.1
4 genes,0.00224943425652424,RP11-483E7.1 | NAV2 | CTB-32O4.2 | KIT
4 genes,0.130443906788935,RP11-483E7.1 | NAV2 | AC131097.4 | GS1-115G20.1
4 genes,0.125921730173183,RP11-483E7.1 | NAV2 | AC131097.4 | KIT
4 genes,0.0814907417049998,RP11-483E7.1 | NAV2 | GS1-115G20.1 | KIT
4 genes,0.0160883366663593,RP11-483E7.1 | CTB-32O4.2 | AC131097.4 | GS1-115G20.1
4 genes,0.000328465122034549,RP11-483E7.1 | CTB-32O4.2 | AC131097.4 | KIT
4 genes,0.0150837923583115,RP11-483E7.1 | CTB-32O4.2 | GS1-115G20.1 | KIT
4 genes,0.0757301087658488,RP11-483E7.1 | AC131097.4 | GS1-115G20.1 | KIT
4 genes,0.131709824778212,NLRX1 | RP11-203J24.8 | DSG1 | RP11-46H11.12
4 genes,0.604145463922456,NLRX1 | RP11-203J24.8 | DSG1 | NAV2
4 genes,0.0601857253371815,NLRX1 | RP11-203J24.8 | DSG1 | CTB-32O4.2
4 genes,0.0431340847333239,NLRX1 | RP11-203J24.8 | DSG1 | AC131097.4
4 genes,0.511522080010699,NLRX1 | RP11-203J24.8 | DSG1 | GS1-115G20.1
4 genes,0.0135202563425693,NLRX1 | RP11-203J24.8 | DSG1 | KIT
4 genes,0.00796178910845569,NLRX1 | RP11-203J24.8 | RP11-46H11.12 | NAV2
4 genes,0.0256734866707189,NLRX1 | RP11-203J24.8 | RP11-46H11.12 | CTB-32O4.2
4 genes,0.00522979736917584,NLRX1 | RP11-203J24.8 | RP11-46H11.12 | AC131097.4
4 genes,0.107691809396748,NLRX1 | RP11-203J24.8 | RP11-46H11.12 | GS1-115G20.1
4 genes,0.0117453111099955,NLRX1 | RP11-203J24.8 | RP11-46H11.12 | KIT
4 genes,0.00544723949031423,NLRX1 | RP11-203J24.8 | NAV2 | CTB-32O4.2
4 genes,0.00559811869866444,NLRX1 | RP11-203J24.8 | NAV2 | AC131097.4
4 genes,0.0366241692005305,NLRX1 | RP11-203J24.8 | NAV2 | GS1-115G20.1
4 genes,0.120845915158668,NLRX1 | RP11-203J24.8 | NAV2 | KIT
4 genes,0.00060245575186435,NLRX1 | RP11-203J24.8 | CTB-32O4.2 | AC131097.4
4 genes,0.0868884271277577,NLRX1 | RP11-203J24.8 | CTB-32O4.2 | GS1-115G20.1
4 genes,0.00832800398913036,NLRX1 | RP11-203J24.8 | CTB-32O4.2 | KIT
4 genes,0.024628918256982,NLRX1 | RP11-203J24.8 | AC131097.4 | GS1-115G20.1
4 genes,0.00302089336989619,NLRX1 | RP11-203J24.8 | AC131097.4 | KIT
4 genes,0.00260017922523059,NLRX1 | RP11-203J24.8 | GS1-115G20.1 | KIT
4 genes,0.335163161763051,NLRX1 | DSG1 | RP11-46H11.12 | NAV2
4 genes,0.0322267393600696,NLRX1 | DSG1 | RP11-46H11.12 | CTB-32O4.2
4 genes,0.0291053167558553,NLRX1 | DSG1 | RP11-46H11.12 | AC131097.4
4 genes,0.00837981994004255,NLRX1 | DSG1 | RP11-46H11.12 | GS1-115G20.1
4 genes,0.00197591898423854,NLRX1 | DSG1 | RP11-46H11.12 | KIT
4 genes,0.00326617118750194,NLRX1 | DSG1 | NAV2 | CTB-32O4.2
4 genes,0.0349329225064726,NLRX1 | DSG1 | NAV2 | AC131097.4
4 genes,0.130220620720429,NLRX1 | DSG1 | NAV2 | GS1-115G20.1
4 genes,0.0674394844429604,NLRX1 | DSG1 | NAV2 | KIT
4 genes,0.00113871660130194,NLRX1 | DSG1 | CTB-32O4.2 | AC131097.4
4 genes,0.0287281444114773,NLRX1 | DSG1 | CTB-32O4.2 | GS1-115G20.1
4 genes,0.00849206017372928,NLRX1 | DSG1 | CTB-32O4.2 | KIT
4 genes,0.017893746793315,NLRX1 | DSG1 | AC131097.4 | GS1-115G20.1
4 genes,0.000964244791307411,NLRX1 | DSG1 | AC131097.4 | KIT
4 genes,0.000160952695156813,NLRX1 | DSG1 | GS1-115G20.1 | KIT
4 genes,0.00887677737155401,NLRX1 | RP11-46H11.12 | NAV2 | CTB-32O4.2
4 genes,0.00250940660296939,NLRX1 | RP11-46H11.12 | NAV2 | AC131097.4
4 genes,0.0113855221651152,NLRX1 | RP11-46H11.12 | NAV2 | GS1-115G20.1
4 genes,0.0190954176577744,NLRX1 | RP11-46H11.12 | NAV2 | KIT
4 genes,0.0312682079530416,NLRX1 | RP11-46H11.12 | CTB-32O4.2 | AC131097.4
4 genes,0.07348149083234,NLRX1 | RP11-46H11.12 | CTB-32O4.2 | GS1-115G20.1
4 genes,0.000211112687928949,NLRX1 | RP11-46H11.12 | CTB-32O4.2 | KIT
4 genes,0.141297415343693,NLRX1 | RP11-46H11.12 | AC131097.4 | GS1-115G20.1
4 genes,0.00326375329290152,NLRX1 | RP11-46H11.12 | AC131097.4 | KIT
4 genes,0.00176997264096346,NLRX1 | RP11-46H11.12 | GS1-115G20.1 | KIT
4 genes,0.000766753953304278,NLRX1 | NAV2 | CTB-32O4.2 | AC131097.4
4 genes,0.00135682498617973,NLRX1 | NAV2 | CTB-32O4.2 | GS1-115G20.1
4 genes,0.00145198072204655,NLRX1 | NAV2 | CTB-32O4.2 | KIT
4 genes,0.0108058043399694,NLRX1 | NAV2 | AC131097.4 | GS1-115G20.1
4 genes,0.026700928082719,NLRX1 | NAV2 | AC131097.4 | KIT
4 genes,0.00686495130118125,NLRX1 | NAV2 | GS1-115G20.1 | KIT
4 genes,0.00680505687272792,NLRX1 | CTB-32O4.2 | AC131097.4 | GS1-115G20.1
4 genes,0.000859751127334829,NLRX1 | CTB-32O4.2 | AC131097.4 | KIT
4 genes,0.000731692628901714,NLRX1 | CTB-32O4.2 | GS1-115G20.1 | KIT
4 genes,0.00414068943404022,NLRX1 | AC131097.4 | GS1-115G20.1 | KIT
4 genes,0.0468975260413327,RP11-203J24.8 | DSG1 | RP11-46H11.12 | NAV2
4 genes,0.0261730651124386,RP11-203J24.8 | DSG1 | RP11-46H11.12 | CTB-32O4.2
4 genes,0.0121000801144313,RP11-203J24.8 | DSG1 | RP11-46H11.12 | AC131097.4
4 genes,0.0660110858251477,RP11-203J24.8 | DSG1 | RP11-46H11.12 | GS1-115G20.1
4 genes,0.024567030694634,RP11-203J24.8 | DSG1 | RP11-46H11.12 | KIT
4 genes,0.0111416568407534,RP11-203J24.8 | DSG1 | NAV2 | CTB-32O4.2
4 genes,0.16811693636416,RP11-203J24.8 | DSG1 | NAV2 | AC131097.4
4 genes,0.458751825953902,RP11-203J24.8 | DSG1 | NAV2 | GS1-115G20.1
4 genes,0.136107953625069,RP11-203J24.8 | DSG1 | NAV2 | KIT
4 genes,0.0240807384789596,RP11-203J24.8 | DSG1 | CTB-32O4.2 | AC131097.4
4 genes,0.262649386665091,RP11-203J24.8 | DSG1 | CTB-32O4.2 | GS1-115G20.1
4 genes,0.0488446015321988,RP11-203J24.8 | DSG1 | CTB-32O4.2 | KIT
4 genes,0.208203028616223,RP11-203J24.8 | DSG1 | AC131097.4 | GS1-115G20.1
4 genes,0.010675687456756,RP11-203J24.8 | DSG1 | AC131097.4 | KIT
4 genes,0.0222787840486867,RP11-203J24.8 | DSG1 | GS1-115G20.1 | KIT
4 genes,0.0225733340837061,RP11-203J24.8 | RP11-46H11.12 | NAV2 | CTB-32O4.2
4 genes,0.0148941624891846,RP11-203J24.8 | RP11-46H11.12 | NAV2 | AC131097.4
4 genes,0.0844982947532136,RP11-203J24.8 | RP11-46H11.12 | NAV2 | GS1-115G20.1
4 genes,0.0141889216313883,RP11-203J24.8 | RP11-46H11.12 | NAV2 | KIT
4 genes,0.00347782385292628,RP11-203J24.8 | RP11-46H11.12 | CTB-32O4.2 | AC131097.4
4 genes,0.00687884426773555,RP11-203J24.8 | RP11-46H11.12 | CTB-32O4.2 | GS1-115G20.1
4 genes,0.0145342539140693,RP11-203J24.8 | RP11-46H11.12 | CTB-32O4.2 | KIT
4 genes,0.0104425564874743,RP11-203J24.8 | RP11-46H11.12 | AC131097.4 | GS1-115G20.1
4 genes,0.0118220515591824,RP11-203J24.8 | RP11-46H11.12 | AC131097.4 | KIT
4 genes,0.0398716964557181,RP11-203J24.8 | RP11-46H11.12 | GS1-115G20.1 | KIT
4 genes,0.000642686910614865,RP11-203J24.8 | NAV2 | CTB-32O4.2 | AC131097.4
4 genes,0.00585572592038008,RP11-203J24.8 | NAV2 | CTB-32O4.2 | GS1-115G20.1
4 genes,0.00420831516429587,RP11-203J24.8 | NAV2 | CTB-32O4.2 | KIT
4 genes,0.102024212105669,RP11-203J24.8 | NAV2 | AC131097.4 | GS1-115G20.1
4 genes,0.0745063858654559,RP11-203J24.8 | NAV2 | AC131097.4 | KIT
4 genes,0.194979611287854,RP11-203J24.8 | NAV2 | GS1-115G20.1 | KIT
4 genes,0.0308748226241997,RP11-203J24.8 | CTB-32O4.2 | AC131097.4 | GS1-115G20.1
4 genes,0.0050415447551222,RP11-203J24.8 | CTB-32O4.2 | AC131097.4 | KIT
4 genes,0.0868745567004638,RP11-203J24.8 | CTB-32O4.2 | GS1-115G20.1 | KIT
4 genes,0.0566948933438134,RP11-203J24.8 | AC131097.4 | GS1-115G20.1 | KIT
4 genes,0.0135108868056668,DSG1 | RP11-46H11.12 | NAV2 | CTB-32O4.2
4 genes,0.0126568618060527,DSG1 | RP11-46H11.12 | NAV2 | AC131097.4
4 genes,0.0577341071099646,DSG1 | RP11-46H11.12 | NAV2 | GS1-115G20.1
4 genes,0.0552506478852502,DSG1 | RP11-46H11.12 | NAV2 | KIT
4 genes,0.0805226703098437,DSG1 | RP11-46H11.12 | CTB-32O4.2 | AC131097.4
4 genes,0.00960443881103479,DSG1 | RP11-46H11.12 | CTB-32O4.2 | GS1-115G20.1
4 genes,0.00403687239558448,DSG1 | RP11-46H11.12 | CTB-32O4.2 | KIT
4 genes,0.00844537832284753,DSG1 | RP11-46H11.12 | AC131097.4 | GS1-115G20.1
4 genes,0.0243554267032456,DSG1 | RP11-46H11.12 | AC131097.4 | KIT
4 genes,0.0256990604728538,DSG1 | RP11-46H11.12 | GS1-115G20.1 | KIT
4 genes,0.00870717248546493,DSG1 | NAV2 | CTB-32O4.2 | AC131097.4
4 genes,0.00676879093328031,DSG1 | NAV2 | CTB-32O4.2 | GS1-115G20.1
4 genes,0.0160755642888577,DSG1 | NAV2 | CTB-32O4.2 | KIT
4 genes,0.128853429600362,DSG1 | NAV2 | AC131097.4 | GS1-115G20.1
4 genes,0.227381304472136,DSG1 | NAV2 | AC131097.4 | KIT
4 genes,0.273402178620171,DSG1 | NAV2 | GS1-115G20.1 | KIT
4 genes,0.00470405026227438,DSG1 | CTB-32O4.2 | AC131097.4 | GS1-115G20.1
4 genes,0.00184258562033879,DSG1 | CTB-32O4.2 | AC131097.4 | KIT
4 genes,0.00116510813734483,DSG1 | CTB-32O4.2 | GS1-115G20.1 | KIT
4 genes,0.0172242828396778,DSG1 | AC131097.4 | GS1-115G20.1 | KIT
4 genes,0.00982596668336466,RP11-46H11.12 | NAV2 | CTB-32O4.2 | AC131097.4
4 genes,0.0025376857502557,RP11-46H11.12 | NAV2 | CTB-32O4.2 | GS1-115G20.1
4 genes,0.00543018257794292,RP11-46H11.12 | NAV2 | CTB-32O4.2 | KIT
4 genes,0.0664912423860559,RP11-46H11.12 | NAV2 | AC131097.4 | GS1-115G20.1
4 genes,0.00115670790786138,RP11-46H11.12 | NAV2 | AC131097.4 | KIT
4 genes,0.0202064895008547,RP11-46H11.12 | NAV2 | GS1-115G20.1 | KIT
4 genes,0.132245282107591,RP11-46H11.12 | CTB-32O4.2 | AC131097.4 | GS1-115G20.1
4 genes,0.000166114262027839,RP11-46H11.12 | CTB-32O4.2 | AC131097.4 | KIT
4 genes,0.00116077986076035,RP11-46H11.12 | CTB-32O4.2 | GS1-115G20.1 | KIT
4 genes,0.00385503479601113,RP11-46H11.12 | AC131097.4 | GS1-115G20.1 | KIT
4 genes,0.0289596129642951,NAV2 | CTB-32O4.2 | AC131097.4 | GS1-115G20.1
4 genes,0.0302215990573627,NAV2 | CTB-32O4.2 | AC131097.4 | KIT
4 genes,0.0110940420928333,NAV2 | CTB-32O4.2 | GS1-115G20.1 | KIT
4 genes,0.301303076424626,NAV2 | AC131097.4 | GS1-115G20.1 | KIT
4 genes,0.00961870968281076,CTB-32O4.2 | AC131097.4 | GS1-115G20.1 | KIT
5 genes,0.115320429907364,RP11-483E7.1 | NLRX1 | RP11-203J24.8 | DSG1 | RP11-46H11.12
5 genes,0.285352701057246,RP11-483E7.1 | NLRX1 | RP11-203J24.8 | DSG1 | NAV2
5 genes,0.00261760042737869,RP11-483E7.1 | NLRX1 | RP11-203J24.8 | DSG1 | CTB-32O4.2
5 genes,0.0781601342491126,RP11-483E7.1 | NLRX1 | RP11-203J24.8 | DSG1 | AC131097.4
5 genes,0.0958314886172672,RP11-483E7.1 | NLRX1 | RP11-203J24.8 | DSG1 | GS1-115G20.1
5 genes,0.0335416589575106,RP11-483E7.1 | NLRX1 | RP11-203J24.8 | DSG1 | KIT
5 genes,0.00782372757759175,RP11-483E7.1 | NLRX1 | RP11-203J24.8 | RP11-46H11.12 | NAV2
5 genes,0.00746019438611312,RP11-483E7.1 | NLRX1 | RP11-203J24.8 | RP11-46H11.12 | CTB-32O4.2
5 genes,0.00456663283956904,RP11-483E7.1 | NLRX1 | RP11-203J24.8 | RP11-46H11.12 | AC131097.4
5 genes,0.106301175694985,RP11-483E7.1 | NLRX1 | RP11-203J24.8 | RP11-46H11.12 | GS1-115G20.1
5 genes,0.0109484876030292,RP11-483E7.1 | NLRX1 | RP11-203J24.8 | RP11-46H11.12 | KIT
5 genes,0.00111096096886265,RP11-483E7.1 | NLRX1 | RP11-203J24.8 | NAV2 | CTB-32O4.2
5 genes,0.0213848387507722,RP11-483E7.1 | NLRX1 | RP11-203J24.8 | NAV2 | AC131097.4
5 genes,0.0173386635933759,RP11-483E7.1 | NLRX1 | RP11-203J24.8 | NAV2 | GS1-115G20.1
5 genes,0.0076006796715733,RP11-483E7.1 | NLRX1 | RP11-203J24.8 | NAV2 | KIT
5 genes,0.000714000605496978,RP11-483E7.1 | NLRX1 | RP11-203J24.8 | CTB-32O4.2 | AC131097.4
5 genes,0.00114187795842957,RP11-483E7.1 | NLRX1 | RP11-203J24.8 | CTB-32O4.2 | GS1-115G20.1
5 genes,0.000266028325419887,RP11-483E7.1 | NLRX1 | RP11-203J24.8 | CTB-32O4.2 | KIT
5 genes,0.0151239634157043,RP11-483E7.1 | NLRX1 | RP11-203J24.8 | AC131097.4 | GS1-115G20.1
5 genes,0.000102848058930682,RP11-483E7.1 | NLRX1 | RP11-203J24.8 | AC131097.4 | KIT
5 genes,0.00303244685139725,RP11-483E7.1 | NLRX1 | RP11-203J24.8 | GS1-115G20.1 | KIT
5 genes,0.0582655204114068,RP11-483E7.1 | NLRX1 | DSG1 | RP11-46H11.12 | NAV2
5 genes,0.0167800552923791,RP11-483E7.1 | NLRX1 | DSG1 | RP11-46H11.12 | CTB-32O4.2
5 genes,0.000728059798538294,RP11-483E7.1 | NLRX1 | DSG1 | RP11-46H11.12 | AC131097.4
5 genes,0.0340982064371108,RP11-483E7.1 | NLRX1 | DSG1 | RP11-46H11.12 | GS1-115G20.1
5 genes,0.0139902531388765,RP11-483E7.1 | NLRX1 | DSG1 | RP11-46H11.12 | KIT
5 genes,0.0037642420258619,RP11-483E7.1 | NLRX1 | DSG1 | NAV2 | CTB-32O4.2
5 genes,0.013745633675918,RP11-483E7.1 | NLRX1 | DSG1 | NAV2 | AC131097.4
5 genes,0.242280956904323,RP11-483E7.1 | NLRX1 | DSG1 | NAV2 | GS1-115G20.1
5 genes,0.0473211111549481,RP11-483E7.1 | NLRX1 | DSG1 | NAV2 | KIT
5 genes,0.000978980382773886,RP11-483E7.1 | NLRX1 | DSG1 | CTB-32O4.2 | AC131097.4
5 genes,0.00546189095273975,RP11-483E7.1 | NLRX1 | DSG1 | CTB-32O4.2 | GS1-115G20.1
5 genes,0.00204061032052283,RP11-483E7.1 | NLRX1 | DSG1 | CTB-32O4.2 | KIT
5 genes,0.0196042971411258,RP11-483E7.1 | NLRX1 | DSG1 | AC131097.4 | GS1-115G20.1
5 genes,0.0009970519969138,RP11-483E7.1 | NLRX1 | DSG1 | AC131097.4 | KIT
5 genes,0.000233595765987249,RP11-483E7.1 | NLRX1 | DSG1 | GS1-115G20.1 | KIT
5 genes,0.00545206823643818,RP11-483E7.1 | NLRX1 | RP11-46H11.12 | NAV2 | CTB-32O4.2
5 genes,0.0066629246101565,RP11-483E7.1 | NLRX1 | RP11-46H11.12 | NAV2 | AC131097.4
5 genes,0.0797075869130103,RP11-483E7.1 | NLRX1 | RP11-46H11.12 | NAV2 | GS1-115G20.1
5 genes,0.00418711084557266,RP11-483E7.1 | NLRX1 | RP11-46H11.12 | NAV2 | KIT
5 genes,0.00592167227139917,RP11-483E7.1 | NLRX1 | RP11-46H11.12 | CTB-32O4.2 | AC131097.4
5 genes,0.0115928076225885,RP11-483E7.1 | NLRX1 | RP11-46H11.12 | CTB-32O4.2 | GS1-115G20.1
5 genes,0.00663119158356762,RP11-483E7.1 | NLRX1 | RP11-46H11.12 | CTB-32O4.2 | KIT
5 genes,0.0453716955587526,RP11-483E7.1 | NLRX1 | RP11-46H11.12 | AC131097.4 | GS1-115G20.1
5 genes,0.00387452211107975,RP11-483E7.1 | NLRX1 | RP11-46H11.12 | AC131097.4 | KIT
5 genes,0.0152746762578565,RP11-483E7.1 | NLRX1 | RP11-46H11.12 | GS1-115G20.1 | KIT
5 genes,0.000264721972540904,RP11-483E7.1 | NLRX1 | NAV2 | CTB-32O4.2 | AC131097.4
5 genes,0.000955121075236542,RP11-483E7.1 | NLRX1 | NAV2 | CTB-32O4.2 | GS1-115G20.1
5 genes,0.000467674620069136,RP11-483E7.1 | NLRX1 | NAV2 | CTB-32O4.2 | KIT
5 genes,0.0396489339248437,RP11-483E7.1 | NLRX1 | NAV2 | AC131097.4 | GS1-115G20.1
5 genes,0.0141977761562314,RP11-483E7.1 | NLRX1 | NAV2 | AC131097.4 | KIT
5 genes,0.0214674020418478,RP11-483E7.1 | NLRX1 | NAV2 | GS1-115G20.1 | KIT
5 genes,0.00200607120966612,RP11-483E7.1 | NLRX1 | CTB-32O4.2 | AC131097.4 | GS1-115G20.1
5 genes,0.000507212349695196,RP11-483E7.1 | NLRX1 | CTB-32O4.2 | AC131097.4 | KIT
5 genes,0.00196377677929094,RP11-483E7.1 | NLRX1 | CTB-32O4.2 | GS1-115G20.1 | KIT
5 genes,0.00212352899809143,RP11-483E7.1 | NLRX1 | AC131097.4 | GS1-115G20.1 | KIT
5 genes,0.00984223388666461,RP11-483E7.1 | RP11-203J24.8 | DSG1 | RP11-46H11.12 | NAV2
5 genes,0.00561533063084718,RP11-483E7.1 | RP11-203J24.8 | DSG1 | RP11-46H11.12 | CTB-32O4.2
5 genes,0.0295938417152435,RP11-483E7.1 | RP11-203J24.8 | DSG1 | RP11-46H11.12 | AC131097.4
5 genes,0.0657320758592628,RP11-483E7.1 | RP11-203J24.8 | DSG1 | RP11-46H11.12 | GS1-115G20.1
5 genes,0.0197845034978141,RP11-483E7.1 | RP11-203J24.8 | DSG1 | RP11-46H11.12 | KIT
5 genes,0.00711624041685666,RP11-483E7.1 | RP11-203J24.8 | DSG1 | NAV2 | CTB-32O4.2
5 genes,0.11325573441179,RP11-483E7.1 | RP11-203J24.8 | DSG1 | NAV2 | AC131097.4
5 genes,0.174752354349334,RP11-483E7.1 | RP11-203J24.8 | DSG1 | NAV2 | GS1-115G20.1
5 genes,0.0964985290710905,RP11-483E7.1 | RP11-203J24.8 | DSG1 | NAV2 | KIT
5 genes,0.00145555807886821,RP11-483E7.1 | RP11-203J24.8 | DSG1 | CTB-32O4.2 | AC131097.4
5 genes,0.00416998091352827,RP11-483E7.1 | RP11-203J24.8 | DSG1 | CTB-32O4.2 | GS1-115G20.1
5 genes,0.00140100271577392,RP11-483E7.1 | RP11-203J24.8 | DSG1 | CTB-32O4.2 | KIT
5 genes,0.0158514575320476,RP11-483E7.1 | RP11-203J24.8 | DSG1 | AC131097.4 | GS1-115G20.1
5 genes,0.0778559173490785,RP11-483E7.1 | RP11-203J24.8 | DSG1 | AC131097.4 | KIT
5 genes,0.0561527564419569,RP11-483E7.1 | RP11-203J24.8 | DSG1 | GS1-115G20.1 | KIT
5 genes,0.000925962963750915,RP11-483E7.1 | RP11-203J24.8 | RP11-46H11.12 | NAV2 | CTB-32O4.2
5 genes,0.00073844757754471,RP11-483E7.1 | RP11-203J24.8 | RP11-46H11.12 | NAV2 | AC131097.4
5 genes,0.00394157079678759,RP11-483E7.1 | RP11-203J24.8 | RP11-46H11.12 | NAV2 | GS1-115G20.1
5 genes,0.00318985604997879,RP11-483E7.1 | RP11-203J24.8 | RP11-46H11.12 | NAV2 | KIT
5 genes,0.001087897403241,RP11-483E7.1 | RP11-203J24.8 | RP11-46H11.12 | CTB-32O4.2 | AC131097.4
5 genes,0.00664928049291114,RP11-483E7.1 | RP11-203J24.8 | RP11-46H11.12 | CTB-32O4.2 | GS1-115G20.1
5 genes,0.00246315329439395,RP11-483E7.1 | RP11-203J24.8 | RP11-46H11.12 | CTB-32O4.2 | KIT
5 genes,0.0059536111225833,RP11-483E7.1 | RP11-203J24.8 | RP11-46H11.12 | AC131097.4 | GS1-115G20.1
5 genes,0.00131288857437484,RP11-483E7.1 | RP11-203J24.8 | RP11-46H11.12 | AC131097.4 | KIT
5 genes,0.00609714364482317,RP11-483E7.1 | RP11-203J24.8 | RP11-46H11.12 | GS1-115G20.1 | KIT
5 genes,0.000324097626277609,RP11-483E7.1 | RP11-203J24.8 | NAV2 | CTB-32O4.2 | AC131097.4
5 genes,0.000216779588144145,RP11-483E7.1 | RP11-203J24.8 | NAV2 | CTB-32O4.2 | GS1-115G20.1
5 genes,0.000333058237239281,RP11-483E7.1 | RP11-203J24.8 | NAV2 | CTB-32O4.2 | KIT
5 genes,0.272321398347287,RP11-483E7.1 | RP11-203J24.8 | NAV2 | AC131097.4 | GS1-115G20.1
5 genes,0.0208013891412913,RP11-483E7.1 | RP11-203J24.8 | NAV2 | AC131097.4 | KIT
5 genes,0.140338971318172,RP11-483E7.1 | RP11-203J24.8 | NAV2 | GS1-115G20.1 | KIT
5 genes,0.00856694546682291,RP11-483E7.1 | RP11-203J24.8 | CTB-32O4.2 | AC131097.4 | GS1-115G20.1
5 genes,0.00062953004204247,RP11-483E7.1 | RP11-203J24.8 | CTB-32O4.2 | AC131097.4 | KIT
5 genes,0.00214127399966701,RP11-483E7.1 | RP11-203J24.8 | CTB-32O4.2 | GS1-115G20.1 | KIT
5 genes,0.0167348762194168,RP11-483E7.1 | RP11-203J24.8 | AC131097.4 | GS1-115G20.1 | KIT
5 genes,0.00102608369269508,RP11-483E7.1 | DSG1 | RP11-46H11.12 | NAV2 | CTB-32O4.2
5 genes,0.0112361886847986,RP11-483E7.1 | DSG1 | RP11-46H11.12 | NAV2 | AC131097.4
5 genes,0.0127180118546669,RP11-483E7.1 | DSG1 | RP11-46H11.12 | NAV2 | GS1-115G20.1
5 genes,0.0387178398658957,RP11-483E7.1 | DSG1 | RP11-46H11.12 | NAV2 | KIT
5 genes,0.00625809398314747,RP11-483E7.1 | DSG1 | RP11-46H11.12 | CTB-32O4.2 | AC131097.4
5 genes,0.00737167226630353,RP11-483E7.1 | DSG1 | RP11-46H11.12 | CTB-32O4.2 | GS1-115G20.1
5 genes,0.00553702878740858,RP11-483E7.1 | DSG1 | RP11-46H11.12 | CTB-32O4.2 | KIT
5 genes,0.0085148852815754,RP11-483E7.1 | DSG1 | RP11-46H11.12 | AC131097.4 | GS1-115G20.1
5 genes,0.011213429925143,RP11-483E7.1 | DSG1 | RP11-46H11.12 | AC131097.4 | KIT
5 genes,0.00924763633036074,RP11-483E7.1 | DSG1 | RP11-46H11.12 | GS1-115G20.1 | KIT
5 genes,0.000161395599957981,RP11-483E7.1 | DSG1 | NAV2 | CTB-32O4.2 | AC131097.4
5 genes,0.0015491561072315,RP11-483E7.1 | DSG1 | NAV2 | CTB-32O4.2 | GS1-115G20.1
5 genes,0.000476077961976018,RP11-483E7.1 | DSG1 | NAV2 | CTB-32O4.2 | KIT
5 genes,0.0498943441411495,RP11-483E7.1 | DSG1 | NAV2 | AC131097.4 | GS1-115G20.1
5 genes,0.0405392042444213,RP11-483E7.1 | DSG1 | NAV2 | AC131097.4 | KIT
5 genes,0.187636133426989,RP11-483E7.1 | DSG1 | NAV2 | GS1-115G20.1 | KIT
5 genes,0.00507819165094059,RP11-483E7.1 | DSG1 | CTB-32O4.2 | AC131097.4 | GS1-115G20.1
5 genes,8.97248490354663e-05,RP11-483E7.1 | DSG1 | CTB-32O4.2 | AC131097.4 | KIT
5 genes,8.00526085277253e-05,RP11-483E7.1 | DSG1 | CTB-32O4.2 | GS1-115G20.1 | KIT
5 genes,0.00481236146175756,RP11-483E7.1 | DSG1 | AC131097.4 | GS1-115G20.1 | KIT
5 genes,0.00108567479046506,RP11-483E7.1 | RP11-46H11.12 | NAV2 | CTB-32O4.2 | AC131097.4
5 genes,0.00368898776028603,RP11-483E7.1 | RP11-46H11.12 | NAV2 | CTB-32O4.2 | GS1-115G20.1
5 genes,0.000744466497380469,RP11-483E7.1 | RP11-46H11.12 | NAV2 | CTB-32O4.2 | KIT
5 genes,0.0101084515789899,RP11-483E7.1 | RP11-46H11.12 | NAV2 | AC131097.4 | GS1-115G20.1
5 genes,0.00861458555691041,RP11-483E7.1 | RP11-46H11.12 | NAV2 | AC131097.4 | KIT
5 genes,0.0186806256608617,RP11-483E7.1 | RP11-46H11.12 | NAV2 | GS1-115G20.1 | KIT
5 genes,0.0405044844374423,RP11-483E7.1 | RP11-46H11.12 | CTB-32O4.2 | AC131097.4 | GS1-115G20.1
5 genes,0.00489369761108449,RP11-483E7.1 | RP11-46H11.12 | CTB-32O4.2 | AC131097.4 | KIT
5 genes,0.0126556470791538,RP11-483E7.1 | RP11-46H11.12 | CTB-32O4.2 | GS1-115G20.1 | KIT
5 genes,0.00262528672874396,RP11-483E7.1 | RP11-46H11.12 | AC131097.4 | GS1-115G20.1 | KIT
5 genes,9.77555846245481e-05,RP11-483E7.1 | NAV2 | CTB-32O4.2 | AC131097.4 | GS1-115G20.1
5 genes,0.000384627704952178,RP11-483E7.1 | NAV2 | CTB-32O4.2 | AC131097.4 | KIT
5 genes,0.00361140183311437,RP11-483E7.1 | NAV2 | CTB-32O4.2 | GS1-115G20.1 | KIT
5 genes,0.145207078622357,RP11-483E7.1 | NAV2 | AC131097.4 | GS1-115G20.1 | KIT
5 genes,0.00040662662425206,RP11-483E7.1 | CTB-32O4.2 | AC131097.4 | GS1-115G20.1 | KIT
5 genes,0.0892242015825115,NLRX1 | RP11-203J24.8 | DSG1 | RP11-46H11.12 | NAV2
5 genes,0.0766135291128335,NLRX1 | RP11-203J24.8 | DSG1 | RP11-46H11.12 | CTB-32O4.2
5 genes,0.0470427188897686,NLRX1 | RP11-203J24.8 | DSG1 | RP11-46H11.12 | AC131097.4
5 genes,0.102813360524229,NLRX1 | RP11-203J24.8 | DSG1 | RP11-46H11.12 | GS1-115G20.1
5 genes,0.0224838607806366,NLRX1 | RP11-203J24.8 | DSG1 | RP11-46H11.12 | KIT
5 genes,0.00268042546954339,NLRX1 | RP11-203J24.8 | DSG1 | NAV2 | CTB-32O4.2
5 genes,0.0278806708628265,NLRX1 | RP11-203J24.8 | DSG1 | NAV2 | AC131097.4
5 genes,0.129414229107629,NLRX1 | RP11-203J24.8 | DSG1 | NAV2 | GS1-115G20.1
5 genes,0.0307043235384497,NLRX1 | RP11-203J24.8 | DSG1 | NAV2 | KIT
5 genes,0.00401754332042448,NLRX1 | RP11-203J24.8 | DSG1 | CTB-32O4.2 | AC131097.4
5 genes,0.0407790505720327,NLRX1 | RP11-203J24.8 | DSG1 | CTB-32O4.2 | GS1-115G20.1
5 genes,0.0177116355824928,NLRX1 | RP11-203J24.8 | DSG1 | CTB-32O4.2 | KIT
5 genes,0.106470778914172,NLRX1 | RP11-203J24.8 | DSG1 | AC131097.4 | GS1-115G20.1
5 genes,0.000299231653982157,NLRX1 | RP11-203J24.8 | DSG1 | AC131097.4 | KIT
5 genes,0.0019913481372823,NLRX1 | RP11-203J24.8 | DSG1 | GS1-115G20.1 | KIT
5 genes,0.0140888001739568,NLRX1 | RP11-203J24.8 | RP11-46H11.12 | NAV2 | CTB-32O4.2
5 genes,0.00359608471942441,NLRX1 | RP11-203J24.8 | RP11-46H11.12 | NAV2 | AC131097.4
5 genes,0.0819022546839874,NLRX1 | RP11-203J24.8 | RP11-46H11.12 | NAV2 | GS1-115G20.1
5 genes,0.0498597689340055,NLRX1 | RP11-203J24.8 | RP11-46H11.12 | NAV2 | KIT
5 genes,0.0161022786278889,NLRX1 | RP11-203J24.8 | RP11-46H11.12 | CTB-32O4.2 | AC131097.4
5 genes,0.0742271376191264,NLRX1 | RP11-203J24.8 | RP11-46H11.12 | CTB-32O4.2 | GS1-115G20.1
5 genes,0.00278090095336081,NLRX1 | RP11-203J24.8 | RP11-46H11.12 | CTB-32O4.2 | KIT
5 genes,0.018413782824266,NLRX1 | RP11-203J24.8 | RP11-46H11.12 | AC131097.4 | GS1-115G20.1
5 genes,0.0028128887204143,NLRX1 | RP11-203J24.8 | RP11-46H11.12 | AC131097.4 | KIT
5 genes,0.015001697303499,NLRX1 | RP11-203J24.8 | RP11-46H11.12 | GS1-115G20.1 | KIT
5 genes,0.00190298962489011,NLRX1 | RP11-203J24.8 | NAV2 | CTB-32O4.2 | AC131097.4
5 genes,0.00131126798223002,NLRX1 | RP11-203J24.8 | NAV2 | CTB-32O4.2 | GS1-115G20.1
5 genes,0.00523747842612365,NLRX1 | RP11-203J24.8 | NAV2 | CTB-32O4.2 | KIT
5 genes,0.00125421810675574,NLRX1 | RP11-203J24.8 | NAV2 | AC131097.4 | GS1-115G20.1
5 genes,0.00209936822239509,NLRX1 | RP11-203J24.8 | NAV2 | AC131097.4 | KIT
5 genes,0.00814855412021653,NLRX1 | RP11-203J24.8 | NAV2 | GS1-115G20.1 | KIT
5 genes,0.000507488502438203,NLRX1 | RP11-203J24.8 | CTB-32O4.2 | AC131097.4 | GS1-115G20.1
5 genes,0.00206283385991846,NLRX1 | RP11-203J24.8 | CTB-32O4.2 | AC131097.4 | KIT
5 genes,0.00556063447459232,NLRX1 | RP11-203J24.8 | CTB-32O4.2 | GS1-115G20.1 | KIT
5 genes,0.00166713693182186,NLRX1 | RP11-203J24.8 | AC131097.4 | GS1-115G20.1 | KIT
5 genes,0.00838661304341659,NLRX1 | DSG1 | RP11-46H11.12 | NAV2 | CTB-32O4.2
5 genes,0.00437187950158924,NLRX1 | DSG1 | RP11-46H11.12 | NAV2 | AC131097.4
5 genes,0.0105380943994404,NLRX1 | DSG1 | RP11-46H11.12 | NAV2 | GS1-115G20.1
5 genes,0.0211947634333826,NLRX1 | DSG1 | RP11-46H11.12 | NAV2 | KIT
5 genes,0.00255686550308654,NLRX1 | DSG1 | RP11-46H11.12 | CTB-32O4.2 | AC131097.4
5 genes,0.0369449726082848,NLRX1 | DSG1 | RP11-46H11.12 | CTB-32O4.2 | GS1-115G20.1
5 genes,0.00217097588201465,NLRX1 | DSG1 | RP11-46H11.12 | CTB-32O4.2 | KIT
5 genes,0.0263394059190348,NLRX1 | DSG1 | RP11-46H11.12 | AC131097.4 | GS1-115G20.1
5 genes,0.000591656885698733,NLRX1 | DSG1 | RP11-46H11.12 | AC131097.4 | KIT
5 genes,0.000771279626466614,NLRX1 | DSG1 | RP11-46H11.12 | GS1-115G20.1 | KIT
5 genes,0.00165532152815717,NLRX1 | DSG1 | NAV2 | CTB-32O4.2 | AC131097.4
5 genes,0.00319938461253544,NLRX1 | DSG1 | NAV2 | CTB-32O4.2 | GS1-115G20.1
5 genes,0.0025401820928872,NLRX1 | DSG1 | NAV2 | CTB-32O4.2 | KIT
5 genes,0.0131320145223955,NLRX1 | DSG1 | NAV2 | AC131097.4 | GS1-115G20.1
5 genes,0.0143723063643804,NLRX1 | DSG1 | NAV2 | AC131097.4 | KIT
5 genes,0.00426446076963094,NLRX1 | DSG1 | NAV2 | GS1-115G20.1 | KIT
5 genes,0.0014960167888638,NLRX1 | DSG1 | CTB-32O4.2 | AC131097.4 | GS1-115G20.1
5 genes,0.00466404529581366,NLRX1 | DSG1 | CTB-32O4.2 | AC131097.4 | KIT
5 genes,0.00513202357578102,NLRX1 | DSG1 | CTB-32O4.2 | GS1-115G20.1 | KIT
5 genes,0.000668856303526089,NLRX1 | DSG1 | AC131097.4 | GS1-115G20.1 | KIT
5 genes,0.000259133851357785,NLRX1 | RP11-46H11.12 | NAV2 | CTB-32O4.2 | AC131097.4
5 genes,0.00681931809746794,NLRX1 | RP11-46H11.12 | NAV2 | CTB-32O4.2 | GS1-115G20.1
5 genes,0.00221635552543975,NLRX1 | RP11-46H11.12 | NAV2 | CTB-32O4.2 | KIT
5 genes,0.000900943386058395,NLRX1 | RP11-46H11.12 | NAV2 | AC131097.4 | GS1-115G20.1
5 genes,0.000701652390603824,NLRX1 | RP11-46H11.12 | NAV2 | AC131097.4 | KIT
5 genes,0.000682802737902555,NLRX1 | RP11-46H11.12 | NAV2 | GS1-115G20.1 | KIT
5 genes,0.0161569205490251,NLRX1 | RP11-46H11.12 | CTB-32O4.2 | AC131097.4 | GS1-115G20.1
5 genes,0.00055960882473105,NLRX1 | RP11-46H11.12 | CTB-32O4.2 | AC131097.4 | KIT
5 genes,0.0014080599252505,NLRX1 | RP11-46H11.12 | CTB-32O4.2 | GS1-115G20.1 | KIT
5 genes,0.00077105620585316,NLRX1 | RP11-46H11.12 | AC131097.4 | GS1-115G20.1 | KIT
5 genes,0.000359922511796729,NLRX1 | NAV2 | CTB-32O4.2 | AC131097.4 | GS1-115G20.1
5 genes,0.000386279250406907,NLRX1 | NAV2 | CTB-32O4.2 | AC131097.4 | KIT
5 genes,0.00258922523100369,NLRX1 | NAV2 | CTB-32O4.2 | GS1-115G20.1 | KIT
5 genes,0.00781066412731612,NLRX1 | NAV2 | AC131097.4 | GS1-115G20.1 | KIT
5 genes,0.000147746723355047,NLRX1 | CTB-32O4.2 | AC131097.4 | GS1-115G20.1 | KIT
5 genes,0.0248027677835256,RP11-203J24.8 | DSG1 | RP11-46H11.12 | NAV2 | CTB-32O4.2
5 genes,0.0147335379192884,RP11-203J24.8 | DSG1 | RP11-46H11.12 | NAV2 | AC131097.4
5 genes,0.0577045008801067,RP11-203J24.8 | DSG1 | RP11-46H11.12 | NAV2 | GS1-115G20.1
5 genes,0.0625775874843295,RP11-203J24.8 | DSG1 | RP11-46H11.12 | NAV2 | KIT
5 genes,0.00327962242845514,RP11-203J24.8 | DSG1 | RP11-46H11.12 | CTB-32O4.2 | AC131097.4
5 genes,0.0461668202455154,RP11-203J24.8 | DSG1 | RP11-46H11.12 | CTB-32O4.2 | GS1-115G20.1
5 genes,0.0295334029044918,RP11-203J24.8 | DSG1 | RP11-46H11.12 | CTB-32O4.2 | KIT
5 genes,0.0131462612832952,RP11-203J24.8 | DSG1 | RP11-46H11.12 | AC131097.4 | GS1-115G20.1
5 genes,0.0161492662686803,RP11-203J24.8 | DSG1 | RP11-46H11.12 | AC131097.4 | KIT
5 genes,0.0809015101007986,RP11-203J24.8 | DSG1 | RP11-46H11.12 | GS1-115G20.1 | KIT
5 genes,0.00116677803940357,RP11-203J24.8 | DSG1 | NAV2 | CTB-32O4.2 | AC131097.4
5 genes,0.00945840015125854,RP11-203J24.8 | DSG1 | NAV2 | CTB-32O4.2 | GS1-115G20.1
5 genes,0.010810808028317,RP11-203J24.8 | DSG1 | NAV2 | CTB-32O4.2 | KIT
5 genes,0.555926292155545,RP11-203J24.8 | DSG1 | NAV2 | AC131097.4 | GS1-115G20.1
5 genes,0.0891368980186036,RP11-203J24.8 | DSG1 | NAV2 | AC131097.4 | KIT
5 genes,0.346711346101823,RP11-203J24.8 | DSG1 | NAV2 | GS1-115G20.1 | KIT
5 genes,0.0197707020284863,RP11-203J24.8 | DSG1 | CTB-32O4.2 | AC131097.4 | GS1-115G20.1
5 genes,0.00248658053491047,RP11-203J24.8 | DSG1 | CTB-32O4.2 | AC131097.4 | KIT
5 genes,0.0331914045924575,RP11-203J24.8 | DSG1 | CTB-32O4.2 | GS1-115G20.1 | KIT
5 genes,0.0783841824086293,RP11-203J24.8 | DSG1 | AC131097.4 | GS1-115G20.1 | KIT
5 genes,0.000223238456916741,RP11-203J24.8 | RP11-46H11.12 | NAV2 | CTB-32O4.2 | AC131097.4
5 genes,0.0225733340837061,RP11-203J24.8 | RP11-46H11.12 | NAV2 | CTB-32O4.2 | GS1-115G20.1
5 genes,0.0267029954744669,RP11-203J24.8 | RP11-46H11.12 | NAV2 | CTB-32O4.2 | KIT
5 genes,0.0205211538429427,RP11-203J24.8 | RP11-46H11.12 | NAV2 | AC131097.4 | GS1-115G20.1
5 genes,0.0143905059089836,RP11-203J24.8 | RP11-46H11.12 | NAV2 | AC131097.4 | KIT
5 genes,0.06788854543872,RP11-203J24.8 | RP11-46H11.12 | NAV2 | GS1-115G20.1 | KIT
5 genes,0.00436349284053994,RP11-203J24.8 | RP11-46H11.12 | CTB-32O4.2 | AC131097.4 | GS1-115G20.1
5 genes,0.0049556192669612,RP11-203J24.8 | RP11-46H11.12 | CTB-32O4.2 | AC131097.4 | KIT
5 genes,0.020191536515568,RP11-203J24.8 | RP11-46H11.12 | CTB-32O4.2 | GS1-115G20.1 | KIT
5 genes,0.00999184120867258,RP11-203J24.8 | RP11-46H11.12 | AC131097.4 | GS1-115G20.1 | KIT
5 genes,0.00059532302680021,RP11-203J24.8 | NAV2 | CTB-32O4.2 | AC131097.4 | GS1-115G20.1
5 genes,0.000905406362195493,RP11-203J24.8 | NAV2 | CTB-32O4.2 | AC131097.4 | KIT
5 genes,0.00609107879134341,RP11-203J24.8 | NAV2 | CTB-32O4.2 | GS1-115G20.1 | KIT
5 genes,0.160116198759095,RP11-203J24.8 | NAV2 | AC131097.4 | GS1-115G20.1 | KIT
5 genes,0.00630587817849915,RP11-203J24.8 | CTB-32O4.2 | AC131097.4 | GS1-115G20.1 | KIT
5 genes,0.00177646912130713,DSG1 | RP11-46H11.12 | NAV2 | CTB-32O4.2 | AC131097.4
5 genes,0.00566448579553347,DSG1 | RP11-46H11.12 | NAV2 | CTB-32O4.2 | GS1-115G20.1
5 genes,0.0109818723798236,DSG1 | RP11-46H11.12 | NAV2 | CTB-32O4.2 | KIT
5 genes,0.00768030036698697,DSG1 | RP11-46H11.12 | NAV2 | AC131097.4 | GS1-115G20.1
5 genes,0.00432090864948653,DSG1 | RP11-46H11.12 | NAV2 | AC131097.4 | KIT
5 genes,0.0262735529596095,DSG1 | RP11-46H11.12 | NAV2 | GS1-115G20.1 | KIT
5 genes,0.0112973989763624,DSG1 | RP11-46H11.12 | CTB-32O4.2 | AC131097.4 | GS1-115G20.1
5 genes,0.00395781757221836,DSG1 | RP11-46H11.12 | CTB-32O4.2 | AC131097.4 | KIT
5 genes,0.00564295057886044,DSG1 | RP11-46H11.12 | CTB-32O4.2 | GS1-115G20.1 | KIT
5 genes,0.00215848790601514,DSG1 | RP11-46H11.12 | AC131097.4 | GS1-115G20.1 | KIT
5 genes,0.0431988934078316,DSG1 | NAV2 | CTB-32O4.2 | AC131097.4 | GS1-115G20.1
5 genes,0.00947067139770119,DSG1 | NAV2 | CTB-32O4.2 | AC131097.4 | KIT
5 genes,0.0206368122963413,DSG1 | NAV2 | CTB-32O4.2 | GS1-115G20.1 | KIT
5 genes,0.106624386260763,DSG1 | NAV2 | AC131097.4 | GS1-115G20.1 | KIT
5 genes,0.00023593790441212,DSG1 | CTB-32O4.2 | AC131097.4 | GS1-115G20.1 | KIT
5 genes,0.00196669916801062,RP11-46H11.12 | NAV2 | CTB-32O4.2 | AC131097.4 | GS1-115G20.1
5 genes,0.000924154268190369,RP11-46H11.12 | NAV2 | CTB-32O4.2 | AC131097.4 | KIT
5 genes,0.00753556137988554,RP11-46H11.12 | NAV2 | CTB-32O4.2 | GS1-115G20.1 | KIT
5 genes,0.00679986822529866,RP11-46H11.12 | NAV2 | AC131097.4 | GS1-115G20.1 | KIT
5 genes,0.0186645681175531,RP11-46H11.12 | CTB-32O4.2 | AC131097.4 | GS1-115G20.1 | KIT
5 genes,0.00595120315163356,NAV2 | CTB-32O4.2 | AC131097.4 | GS1-115G20.1 | KIT
6 genes,0.025582344089523,RP11-483E7.1 | NLRX1 | RP11-203J24.8 | DSG1 | RP11-46H11.12 | NAV2
6 genes,0.0428687078203041,RP11-483E7.1 | NLRX1 | RP11-203J24.8 | DSG1 | RP11-46H11.12 | CTB-32O4.2
6 genes,0.0499178973861695,RP11-483E7.1 | NLRX1 | RP11-203J24.8 | DSG1 | RP11-46H11.12 | AC131097.4
6 genes,0.182957370551529,RP11-483E7.1 | NLRX1 | RP11-203J24.8 | DSG1 | RP11-46H11.12 | GS1-115G20.1
6 genes,0.0188739465903816,RP11-483E7.1 | NLRX1 | RP11-203J24.8 | DSG1 | RP11-46H11.12 | KIT
6 genes,0.00115434341946441,RP11-483E7.1 | NLRX1 | RP11-203J24.8 | DSG1 | NAV2 | CTB-32O4.2
6 genes,0.0179276089013601,RP11-483E7.1 | NLRX1 | RP11-203J24.8 | DSG1 | NAV2 | AC131097.4
6 genes,0.0660599521742324,RP11-483E7.1 | NLRX1 | RP11-203J24.8 | DSG1 | NAV2 | GS1-115G20.1
6 genes,0.0462869496100562,RP11-483E7.1 | NLRX1 | RP11-203J24.8 | DSG1 | NAV2 | KIT
6 genes,0.00685739236835681,RP11-483E7.1 | NLRX1 | RP11-203J24.8 | DSG1 | CTB-32O4.2 | AC131097.4
6 genes,0.00141078252138294,RP11-483E7.1 | NLRX1 | RP11-203J24.8 | DSG1 | CTB-32O4.2 | GS1-115G20.1
6 genes,0.000453018536341498,RP11-483E7.1 | NLRX1 | RP11-203J24.8 | DSG1 | CTB-32O4.2 | KIT
6 genes,0.0891799731333488,RP11-483E7.1 | NLRX1 | RP11-203J24.8 | DSG1 | AC131097.4 | GS1-115G20.1
6 genes,0.00382509175986367,RP11-483E7.1 | NLRX1 | RP11-203J24.8 | DSG1 | AC131097.4 | KIT
6 genes,0.0244213638420249,RP11-483E7.1 | NLRX1 | RP11-203J24.8 | DSG1 | GS1-115G20.1 | KIT
6 genes,0.000714963514443667,RP11-483E7.1 | NLRX1 | RP11-203J24.8 | RP11-46H11.12 | NAV2 | CTB-32O4.2
6 genes,0.0258819961747291,RP11-483E7.1 | NLRX1 | RP11-203J24.8 | RP11-46H11.12 | NAV2 | AC131097.4
6 genes,0.00769497627517657,RP11-483E7.1 | NLRX1 | RP11-203J24.8 | RP11-46H11.12 | NAV2 | GS1-115G20.1
6 genes,0.0138516037829991,RP11-483E7.1 | NLRX1 | RP11-203J24.8 | RP11-46H11.12 | NAV2 | KIT
6 genes,0.00747334484916085,RP11-483E7.1 | NLRX1 | RP11-203J24.8 | RP11-46H11.12 | CTB-32O4.2 | AC131097.4
6 genes,0.0134788379030698,RP11-483E7.1 | NLRX1 | RP11-203J24.8 | RP11-46H11.12 | CTB-32O4.2 | GS1-115G20.1
6 genes,0.000215637174194705,RP11-483E7.1 | NLRX1 | RP11-203J24.8 | RP11-46H11.12 | CTB-32O4.2 | KIT
6 genes,0.00556301773188939,RP11-483E7.1 | NLRX1 | RP11-203J24.8 | RP11-46H11.12 | AC131097.4 | GS1-115G20.1
6 genes,0.000720563391839235,RP11-483E7.1 | NLRX1 | RP11-203J24.8 | RP11-46H11.12 | AC131097.4 | KIT
6 genes,0.0111028462618089,RP11-483E7.1 | NLRX1 | RP11-203J24.8 | RP11-46H11.12 | GS1-115G20.1 | KIT
6 genes,0.0008041625436358,RP11-483E7.1 | NLRX1 | RP11-203J24.8 | NAV2 | CTB-32O4.2 | AC131097.4
6 genes,0.000948417197794482,RP11-483E7.1 | NLRX1 | RP11-203J24.8 | NAV2 | CTB-32O4.2 | GS1-115G20.1
6 genes,0.00104539267455228,RP11-483E7.1 | NLRX1 | RP11-203J24.8 | NAV2 | CTB-32O4.2 | KIT
6 genes,0.0793112564525267,RP11-483E7.1 | NLRX1 | RP11-203J24.8 | NAV2 | AC131097.4 | GS1-115G20.1
6 genes,0.00137094730800658,RP11-483E7.1 | NLRX1 | RP11-203J24.8 | NAV2 | AC131097.4 | KIT
6 genes,0.00162756301859313,RP11-483E7.1 | NLRX1 | RP11-203J24.8 | NAV2 | GS1-115G20.1 | KIT
6 genes,0.000905648401212544,RP11-483E7.1 | NLRX1 | RP11-203J24.8 | CTB-32O4.2 | AC131097.4 | GS1-115G20.1
6 genes,2.88751531680731e-05,RP11-483E7.1 | NLRX1 | RP11-203J24.8 | CTB-32O4.2 | AC131097.4 | KIT
6 genes,0.000244528946077183,RP11-483E7.1 | NLRX1 | RP11-203J24.8 | CTB-32O4.2 | GS1-115G20.1 | KIT
6 genes,0.00130826645095528,RP11-483E7.1 | NLRX1 | RP11-203J24.8 | AC131097.4 | GS1-115G20.1 | KIT
6 genes,0.00199471440386922,RP11-483E7.1 | NLRX1 | DSG1 | RP11-46H11.12 | NAV2 | CTB-32O4.2
6 genes,0.00615575457765682,RP11-483E7.1 | NLRX1 | DSG1 | RP11-46H11.12 | NAV2 | AC131097.4
6 genes,0.0287009819439306,RP11-483E7.1 | NLRX1 | DSG1 | RP11-46H11.12 | NAV2 | GS1-115G20.1
6 genes,0.0151093067782985,RP11-483E7.1 | NLRX1 | DSG1 | RP11-46H11.12 | NAV2 | KIT
6 genes,0.00257256014836726,RP11-483E7.1 | NLRX1 | DSG1 | RP11-46H11.12 | CTB-32O4.2 | AC131097.4
6 genes,0.0209481111851948,RP11-483E7.1 | NLRX1 | DSG1 | RP11-46H11.12 | CTB-32O4.2 | GS1-115G20.1
6 genes,0.00770265553306904,RP11-483E7.1 | NLRX1 | DSG1 | RP11-46H11.12 | CTB-32O4.2 | KIT
6 genes,0.00488746684794505,RP11-483E7.1 | NLRX1 | DSG1 | RP11-46H11.12 | AC131097.4 | GS1-115G20.1
6 genes,0.00129622371367744,RP11-483E7.1 | NLRX1 | DSG1 | RP11-46H11.12 | AC131097.4 | KIT
6 genes,0.0505909584008368,RP11-483E7.1 | NLRX1 | DSG1 | RP11-46H11.12 | GS1-115G20.1 | KIT
6 genes,0.000362401026746006,RP11-483E7.1 | NLRX1 | DSG1 | NAV2 | CTB-32O4.2 | AC131097.4
6 genes,0.00362751760148361,RP11-483E7.1 | NLRX1 | DSG1 | NAV2 | CTB-32O4.2 | GS1-115G20.1
6 genes,0.00319589915653951,RP11-483E7.1 | NLRX1 | DSG1 | NAV2 | CTB-32O4.2 | KIT
6 genes,0.0143962876571119,RP11-483E7.1 | NLRX1 | DSG1 | NAV2 | AC131097.4 | GS1-115G20.1
6 genes,0.028826379412939,RP11-483E7.1 | NLRX1 | DSG1 | NAV2 | AC131097.4 | KIT
6 genes,0.0436643587648304,RP11-483E7.1 | NLRX1 | DSG1 | NAV2 | GS1-115G20.1 | KIT
6 genes,0.00437251456874366,RP11-483E7.1 | NLRX1 | DSG1 | CTB-32O4.2 | AC131097.4 | GS1-115G20.1
6 genes,0.000242690200082385,RP11-483E7.1 | NLRX1 | DSG1 | CTB-32O4.2 | AC131097.4 | KIT
6 genes,0.00331436709548305,RP11-483E7.1 | NLRX1 | DSG1 | CTB-32O4.2 | GS1-115G20.1 | KIT
6 genes,0.00634965647862362,RP11-483E7.1 | NLRX1 | DSG1 | AC131097.4 | GS1-115G20.1 | KIT
6 genes,0.000154584621337439,RP11-483E7.1 | NLRX1 | RP11-46H11.12 | NAV2 | CTB-32O4.2 | AC131097.4
6 genes,0.00175993634243143,RP11-483E7.1 | NLRX1 | RP11-46H11.12 | NAV2 | CTB-32O4.2 | GS1-115G20.1
6 genes,0.00152187300798079,RP11-483E7.1 | NLRX1 | RP11-46H11.12 | NAV2 | CTB-32O4.2 | KIT
6 genes,0.00544133824750459,RP11-483E7.1 | NLRX1 | RP11-46H11.12 | NAV2 | AC131097.4 | GS1-115G20.1
6 genes,0.0018064906155163,RP11-483E7.1 | NLRX1 | RP11-46H11.12 | NAV2 | AC131097.4 | KIT
6 genes,0.00102174911293407,RP11-483E7.1 | NLRX1 | RP11-46H11.12 | NAV2 | GS1-115G20.1 | KIT
6 genes,0.0188948610884737,RP11-483E7.1 | NLRX1 | RP11-46H11.12 | CTB-32O4.2 | AC131097.4 | GS1-115G20.1
6 genes,0.000592058966597309,RP11-483E7.1 | NLRX1 | RP11-46H11.12 | CTB-32O4.2 | AC131097.4 | KIT
6 genes,0.000568634940739665,RP11-483E7.1 | NLRX1 | RP11-46H11.12 | CTB-32O4.2 | GS1-115G20.1 | KIT
6 genes,0.00117694516917877,RP11-483E7.1 | NLRX1 | RP11-46H11.12 | AC131097.4 | GS1-115G20.1 | KIT
6 genes,0.000233710085676186,RP11-483E7.1 | NLRX1 | NAV2 | CTB-32O4.2 | AC131097.4 | GS1-115G20.1
6 genes,0.000159830940941186,RP11-483E7.1 | NLRX1 | NAV2 | CTB-32O4.2 | AC131097.4 | KIT
6 genes,0.00138708763231254,RP11-483E7.1 | NLRX1 | NAV2 | CTB-32O4.2 | GS1-115G20.1 | KIT
6 genes,0.0356111265155735,RP11-483E7.1 | NLRX1 | NAV2 | AC131097.4 | GS1-115G20.1 | KIT
6 genes,0.00039250128129853,RP11-483E7.1 | NLRX1 | CTB-32O4.2 | AC131097.4 | GS1-115G20.1 | KIT
6 genes,0.00233235020779743,RP11-483E7.1 | RP11-203J24.8 | DSG1 | RP11-46H11.12 | NAV2 | CTB-32O4.2
6 genes,0.00648049541548545,RP11-483E7.1 | RP11-203J24.8 | DSG1 | RP11-46H11.12 | NAV2 | AC131097.4
6 genes,0.0279469778802927,RP11-483E7.1 | RP11-203J24.8 | DSG1 | RP11-46H11.12 | NAV2 | GS1-115G20.1
6 genes,0.00959613192331699,RP11-483E7.1 | RP11-203J24.8 | DSG1 | RP11-46H11.12 | NAV2 | KIT
6 genes,0.00102956951287791,RP11-483E7.1 | RP11-203J24.8 | DSG1 | RP11-46H11.12 | CTB-32O4.2 | AC131097.4
6 genes,0.00615297686717386,RP11-483E7.1 | RP11-203J24.8 | DSG1 | RP11-46H11.12 | CTB-32O4.2 | GS1-115G20.1
6 genes,0.00842196508028648,RP11-483E7.1 | RP11-203J24.8 | DSG1 | RP11-46H11.12 | CTB-32O4.2 | KIT
6 genes,0.0597389494308833,RP11-483E7.1 | RP11-203J24.8 | DSG1 | RP11-46H11.12 | AC131097.4 | GS1-115G20.1
6 genes,0.00678603525250299,RP11-483E7.1 | RP11-203J24.8 | DSG1 | RP11-46H11.12 | AC131097.4 | KIT
6 genes,0.00767720851290965,RP11-483E7.1 | RP11-203J24.8 | DSG1 | RP11-46H11.12 | GS1-115G20.1 | KIT
6 genes,0.00136301767575941,RP11-483E7.1 | RP11-203J24.8 | DSG1 | NAV2 | CTB-32O4.2 | AC131097.4
6 genes,0.00642237233456533,RP11-483E7.1 | RP11-203J24.8 | DSG1 | NAV2 | CTB-32O4.2 | GS1-115G20.1
6 genes,0.00701691188029008,RP11-483E7.1 | RP11-203J24.8 | DSG1 | NAV2 | CTB-32O4.2 | KIT
6 genes,0.173272062568531,RP11-483E7.1 | RP11-203J24.8 | DSG1 | NAV2 | AC131097.4 | GS1-115G20.1
6 genes,0.0547785654946046,RP11-483E7.1 | RP11-203J24.8 | DSG1 | NAV2 | AC131097.4 | KIT
6 genes,0.136029948104165,RP11-483E7.1 | RP11-203J24.8 | DSG1 | NAV2 | GS1-115G20.1 | KIT
6 genes,0.00124158040709166,RP11-483E7.1 | RP11-203J24.8 | DSG1 | CTB-32O4.2 | AC131097.4 | GS1-115G20.1
6 genes,0.000121115897478652,RP11-483E7.1 | RP11-203J24.8 | DSG1 | CTB-32O4.2 | AC131097.4 | KIT
6 genes,0.000793287721738256,RP11-483E7.1 | RP11-203J24.8 | DSG1 | CTB-32O4.2 | GS1-115G20.1 | KIT
6 genes,0.106100005524787,RP11-483E7.1 | RP11-203J24.8 | DSG1 | AC131097.4 | GS1-115G20.1 | KIT
6 genes,0.000135285908241967,RP11-483E7.1 | RP11-203J24.8 | RP11-46H11.12 | NAV2 | CTB-32O4.2 | AC131097.4
6 genes,0.000925962963750915,RP11-483E7.1 | RP11-203J24.8 | RP11-46H11.12 | NAV2 | CTB-32O4.2 | GS1-115G20.1
6 genes,0.000241161606051365,RP11-483E7.1 | RP11-203J24.8 | RP11-46H11.12 | NAV2 | CTB-32O4.2 | KIT
6 genes,0.00347131659815803,RP11-483E7.1 | RP11-203J24.8 | RP11-46H11.12 | NAV2 | AC131097.4 | GS1-115G20.1
6 genes,0.00189720216070677,RP11-483E7.1 | RP11-203J24.8 | RP11-46H11.12 | NAV2 | AC131097.4 | KIT
6 genes,0.012210388330123,RP11-483E7.1 | RP11-203J24.8 | RP11-46H11.12 | NAV2 | GS1-115G20.1 | KIT
6 genes,0.00130328464521856,RP11-483E7.1 | RP11-203J24.8 | RP11-46H11.12 | CTB-32O4.2 | AC131097.4 | GS1-115G20.1
6 genes,0.000365571650680963,RP11-483E7.1 | RP11-203J24.8 | RP11-46H11.12 | CTB-32O4.2 | AC131097.4 | KIT
6 genes,0.00210781300375085,RP11-483E7.1 | RP11-203J24.8 | RP11-46H11.12 | CTB-32O4.2 | GS1-115G20.1 | KIT
6 genes,0.00111485758169516,RP11-483E7.1 | RP11-203J24.8 | RP11-46H11.12 | AC131097.4 | GS1-115G20.1 | KIT
6 genes,0.000324097626277609,RP11-483E7.1 | RP11-203J24.8 | NAV2 | CTB-32O4.2 | AC131097.4 | GS1-115G20.1
6 genes,0.0001173006954307,RP11-483E7.1 | RP11-203J24.8 | NAV2 | CTB-32O4.2 | AC131097.4 | KIT
6 genes,0.000717134888266635,RP11-483E7.1 | RP11-203J24.8 | NAV2 | CTB-32O4.2 | GS1-115G20.1 | KIT
6 genes,0.0485210033258816,RP11-483E7.1 | RP11-203J24.8 | NAV2 | AC131097.4 | GS1-115G20.1 | KIT
6 genes,0.000574786780036751,RP11-483E7.1 | RP11-203J24.8 | CTB-32O4.2 | AC131097.4 | GS1-115G20.1 | KIT
6 genes,0.000455025971031975,RP11-483E7.1 | DSG1 | RP11-46H11.12 | NAV2 | CTB-32O4.2 | AC131097.4
6 genes,0.000828921638534874,RP11-483E7.1 | DSG1 | RP11-46H11.12 | NAV2 | CTB-32O4.2 | GS1-115G20.1
6 genes,0.000982791935843719,RP11-483E7.1 | DSG1 | RP11-46H11.12 | NAV2 | CTB-32O4.2 | KIT
6 genes,0.0124891130268412,RP11-483E7.1 | DSG1 | RP11-46H11.12 | NAV2 | AC131097.4 | GS1-115G20.1
6 genes,0.00560386295332127,RP11-483E7.1 | DSG1 | RP11-46H11.12 | NAV2 | AC131097.4 | KIT
6 genes,0.0185760284621345,RP11-483E7.1 | DSG1 | RP11-46H11.12 | NAV2 | GS1-115G20.1 | KIT
6 genes,0.00730407444764458,RP11-483E7.1 | DSG1 | RP11-46H11.12 | CTB-32O4.2 | AC131097.4 | GS1-115G20.1
6 genes,0.00110626244753753,RP11-483E7.1 | DSG1 | RP11-46H11.12 | CTB-32O4.2 | AC131097.4 | KIT
6 genes,0.00962941254627558,RP11-483E7.1 | DSG1 | RP11-46H11.12 | CTB-32O4.2 | GS1-115G20.1 | KIT
6 genes,0.00135109489160434,RP11-483E7.1 | DSG1 | RP11-46H11.12 | AC131097.4 | GS1-115G20.1 | KIT
6 genes,0.017756374606045,RP11-483E7.1 | DSG1 | NAV2 | CTB-32O4.2 | AC131097.4 | GS1-115G20.1
6 genes,0.00216382111838986,RP11-483E7.1 | DSG1 | NAV2 | CTB-32O4.2 | AC131097.4 | KIT
6 genes,0.00469110555221985,RP11-483E7.1 | DSG1 | NAV2 | CTB-32O4.2 | GS1-115G20.1 | KIT
6 genes,0.014688264588365,RP11-483E7.1 | DSG1 | NAV2 | AC131097.4 | GS1-115G20.1 | KIT
6 genes,0.000188505011537887,RP11-483E7.1 | DSG1 | CTB-32O4.2 | AC131097.4 | GS1-115G20.1 | KIT
6 genes,0.000745683461033875,RP11-483E7.1 | RP11-46H11.12 | NAV2 | CTB-32O4.2 | AC131097.4 | GS1-115G20.1
6 genes,6.34380305211124e-05,RP11-483E7.1 | RP11-46H11.12 | NAV2 | CTB-32O4.2 | AC131097.4 | KIT
6 genes,0.00124390804327035,RP11-483E7.1 | RP11-46H11.12 | NAV2 | CTB-32O4.2 | GS1-115G20.1 | KIT
6 genes,0.00667549220331387,RP11-483E7.1 | RP11-46H11.12 | NAV2 | AC131097.4 | GS1-115G20.1 | KIT
6 genes,0.00463320562164904,RP11-483E7.1 | RP11-46H11.12 | CTB-32O4.2 | AC131097.4 | GS1-115G20.1 | KIT
6 genes,0.000627324466511592,RP11-483E7.1 | NAV2 | CTB-32O4.2 | AC131097.4 | GS1-115G20.1 | KIT
6 genes,0.0074984095152788,NLRX1 | RP11-203J24.8 | DSG1 | RP11-46H11.12 | NAV2 | CTB-32O4.2
6 genes,0.0742434041153154,NLRX1 | RP11-203J24.8 | DSG1 | RP11-46H11.12 | NAV2 | AC131097.4
6 genes,0.0234845733331539,NLRX1 | RP11-203J24.8 | DSG1 | RP11-46H11.12 | NAV2 | GS1-115G20.1
6 genes,0.0530576205041102,NLRX1 | RP11-203J24.8 | DSG1 | RP11-46H11.12 | NAV2 | KIT
6 genes,0.00687643133325533,NLRX1 | RP11-203J24.8 | DSG1 | RP11-46H11.12 | CTB-32O4.2 | AC131097.4
6 genes,0.0119994337822116,NLRX1 | RP11-203J24.8 | DSG1 | RP11-46H11.12 | CTB-32O4.2 | GS1-115G20.1
6 genes,0.048962026431328,NLRX1 | RP11-203J24.8 | DSG1 | RP11-46H11.12 | CTB-32O4.2 | KIT
6 genes,0.0782204924434798,NLRX1 | RP11-203J24.8 | DSG1 | RP11-46H11.12 | AC131097.4 | GS1-115G20.1
6 genes,0.00365757883928897,NLRX1 | RP11-203J24.8 | DSG1 | RP11-46H11.12 | AC131097.4 | KIT
6 genes,0.00171527334844712,NLRX1 | RP11-203J24.8 | DSG1 | RP11-46H11.12 | GS1-115G20.1 | KIT
6 genes,0.000442329584983581,NLRX1 | RP11-203J24.8 | DSG1 | NAV2 | CTB-32O4.2 | AC131097.4
6 genes,0.00268042546954339,NLRX1 | RP11-203J24.8 | DSG1 | NAV2 | CTB-32O4.2 | GS1-115G20.1
6 genes,0.0104013338748613,NLRX1 | RP11-203J24.8 | DSG1 | NAV2 | CTB-32O4.2 | KIT
6 genes,0.0019569334721139,NLRX1 | RP11-203J24.8 | DSG1 | NAV2 | AC131097.4 | GS1-115G20.1
6 genes,0.00235697429323778,NLRX1 | RP11-203J24.8 | DSG1 | NAV2 | AC131097.4 | KIT
6 genes,0.00423161145641149,NLRX1 | RP11-203J24.8 | DSG1 | NAV2 | GS1-115G20.1 | KIT
6 genes,0.0109591696154919,NLRX1 | RP11-203J24.8 | DSG1 | CTB-32O4.2 | AC131097.4 | GS1-115G20.1
6 genes,0.0038282171277273,NLRX1 | RP11-203J24.8 | DSG1 | CTB-32O4.2 | AC131097.4 | KIT
6 genes,0.0135579561595508,NLRX1 | RP11-203J24.8 | DSG1 | CTB-32O4.2 | GS1-115G20.1 | KIT
6 genes,0.000318311882419264,NLRX1 | RP11-203J24.8 | DSG1 | AC131097.4 | GS1-115G20.1 | KIT
6 genes,0.00162928310502031,NLRX1 | RP11-203J24.8 | RP11-46H11.12 | NAV2 | CTB-32O4.2 | AC131097.4
6 genes,0.0068121124469438,NLRX1 | RP11-203J24.8 | RP11-46H11.12 | NAV2 | CTB-32O4.2 | GS1-115G20.1
6 genes,0.00751270849088304,NLRX1 | RP11-203J24.8 | RP11-46H11.12 | NAV2 | CTB-32O4.2 | KIT
6 genes,0.00505518798693561,NLRX1 | RP11-203J24.8 | RP11-46H11.12 | NAV2 | AC131097.4 | GS1-115G20.1
6 genes,0.00340877607599943,NLRX1 | RP11-203J24.8 | RP11-46H11.12 | NAV2 | AC131097.4 | KIT
6 genes,0.0146363808583416,NLRX1 | RP11-203J24.8 | RP11-46H11.12 | NAV2 | GS1-115G20.1 | KIT
6 genes,0.0327290144736015,NLRX1 | RP11-203J24.8 | RP11-46H11.12 | CTB-32O4.2 | AC131097.4 | GS1-115G20.1
6 genes,0.000639292231329192,NLRX1 | RP11-203J24.8 | RP11-46H11.12 | CTB-32O4.2 | AC131097.4 | KIT
6 genes,0.003275181587998,NLRX1 | RP11-203J24.8 | RP11-46H11.12 | CTB-32O4.2 | GS1-115G20.1 | KIT
6 genes,0.00329711542685063,NLRX1 | RP11-203J24.8 | RP11-46H11.12 | AC131097.4 | GS1-115G20.1 | KIT
6 genes,0.00201694648962214,NLRX1 | RP11-203J24.8 | NAV2 | CTB-32O4.2 | AC131097.4 | GS1-115G20.1
6 genes,0.00170246623540682,NLRX1 | RP11-203J24.8 | NAV2 | CTB-32O4.2 | AC131097.4 | KIT
6 genes,0.00497125618989569,NLRX1 | RP11-203J24.8 | NAV2 | CTB-32O4.2 | GS1-115G20.1 | KIT
6 genes,0.00134182643798053,NLRX1 | RP11-203J24.8 | NAV2 | AC131097.4 | GS1-115G20.1 | KIT
6 genes,0.000344841642750171,NLRX1 | RP11-203J24.8 | CTB-32O4.2 | AC131097.4 | GS1-115G20.1 | KIT
6 genes,0.00187647890109255,NLRX1 | DSG1 | RP11-46H11.12 | NAV2 | CTB-32O4.2 | AC131097.4
6 genes,0.00887677737155401,NLRX1 | DSG1 | RP11-46H11.12 | NAV2 | CTB-32O4.2 | GS1-115G20.1
6 genes,0.00288539939353127,NLRX1 | DSG1 | RP11-46H11.12 | NAV2 | CTB-32O4.2 | KIT
6 genes,0.0023597241971719,NLRX1 | DSG1 | RP11-46H11.12 | NAV2 | AC131097.4 | GS1-115G20.1
6 genes,0.000876565999764711,NLRX1 | DSG1 | RP11-46H11.12 | NAV2 | AC131097.4 | KIT
6 genes,0.00127033314392067,NLRX1 | DSG1 | RP11-46H11.12 | NAV2 | GS1-115G20.1 | KIT
6 genes,0.00274741259288369,NLRX1 | DSG1 | RP11-46H11.12 | CTB-32O4.2 | AC131097.4 | GS1-115G20.1
6 genes,0.000880152030775183,NLRX1 | DSG1 | RP11-46H11.12 | CTB-32O4.2 | AC131097.4 | KIT
6 genes,0.000199918600362503,NLRX1 | DSG1 | RP11-46H11.12 | CTB-32O4.2 | GS1-115G20.1 | KIT
6 genes,0.00114475167017636,NLRX1 | DSG1 | RP11-46H11.12 | AC131097.4 | GS1-115G20.1 | KIT
6 genes,0.00103279653247834,NLRX1 | DSG1 | NAV2 | CTB-32O4.2 | AC131097.4 | GS1-115G20.1
6 genes,0.0015497398275931,NLRX1 | DSG1 | NAV2 | CTB-32O4.2 | AC131097.4 | KIT
6 genes,0.00249841284857499,NLRX1 | DSG1 | NAV2 | CTB-32O4.2 | GS1-115G20.1 | KIT
6 genes,0.00337579612614403,NLRX1 | DSG1 | NAV2 | AC131097.4 | GS1-115G20.1 | KIT
6 genes,0.00116812882841699,NLRX1 | DSG1 | CTB-32O4.2 | AC131097.4 | GS1-115G20.1 | KIT
6 genes,0.00024789557018734,NLRX1 | RP11-46H11.12 | NAV2 | CTB-32O4.2 | AC131097.4 | GS1-115G20.1
6 genes,0.000750208088847737,NLRX1 | RP11-46H11.12 | NAV2 | CTB-32O4.2 | AC131097.4 | KIT
6 genes,0.0079508050996443,NLRX1 | RP11-46H11.12 | NAV2 | CTB-32O4.2 | GS1-115G20.1 | KIT
6 genes,0.00111528836238617,NLRX1 | RP11-46H11.12 | NAV2 | AC131097.4 | GS1-115G20.1 | KIT
6 genes,8.36778458139786e-05,NLRX1 | RP11-46H11.12 | CTB-32O4.2 | AC131097.4 | GS1-115G20.1 | KIT
6 genes,0.000250478789530995,NLRX1 | NAV2 | CTB-32O4.2 | AC131097.4 | GS1-115G20.1 | KIT
6 genes,0.00365838576430488,RP11-203J24.8 | DSG1 | RP11-46H11.12 | NAV2 | CTB-32O4.2 | AC131097.4
6 genes,0.0293532851455083,RP11-203J24.8 | DSG1 | RP11-46H11.12 | NAV2 | CTB-32O4.2 | GS1-115G20.1
6 genes,0.0239557635097692,RP11-203J24.8 | DSG1 | RP11-46H11.12 | NAV2 | CTB-32O4.2 | KIT
6 genes,0.0156900682354538,RP11-203J24.8 | DSG1 | RP11-46H11.12 | NAV2 | AC131097.4 | GS1-115G20.1
6 genes,0.0261569993741366,RP11-203J24.8 | DSG1 | RP11-46H11.12 | NAV2 | AC131097.4 | KIT
6 genes,0.0634303753582042,RP11-203J24.8 | DSG1 | RP11-46H11.12 | NAV2 | GS1-115G20.1 | KIT
6 genes,0.00265447702522592,RP11-203J24.8 | DSG1 | RP11-46H11.12 | CTB-32O4.2 | AC131097.4 | GS1-115G20.1
6 genes,0.00235599764778149,RP11-203J24.8 | DSG1 | RP11-46H11.12 | CTB-32O4.2 | AC131097.4 | KIT
6 genes,0.0576934210998945,RP11-203J24.8 | DSG1 | RP11-46H11.12 | CTB-32O4.2 | GS1-115G20.1 | KIT
6 genes,0.0176613161396366,RP11-203J24.8 | DSG1 | RP11-46H11.12 | AC131097.4 | GS1-115G20.1 | KIT
6 genes,0.00103109144734015,RP11-203J24.8 | DSG1 | NAV2 | CTB-32O4.2 | AC131097.4 | GS1-115G20.1
6 genes,0.00116677803940357,RP11-203J24.8 | DSG1 | NAV2 | CTB-32O4.2 | AC131097.4 | KIT
6 genes,0.00881902810378143,RP11-203J24.8 | DSG1 | NAV2 | CTB-32O4.2 | GS1-115G20.1 | KIT
6 genes,0.291739278492738,RP11-203J24.8 | DSG1 | NAV2 | AC131097.4 | GS1-115G20.1 | KIT
6 genes,0.00329239499950695,RP11-203J24.8 | DSG1 | CTB-32O4.2 | AC131097.4 | GS1-115G20.1 | KIT
6 genes,0.00127918792804016,RP11-203J24.8 | RP11-46H11.12 | NAV2 | CTB-32O4.2 | AC131097.4 | GS1-115G20.1
6 genes,0.000533538702203407,RP11-203J24.8 | RP11-46H11.12 | NAV2 | CTB-32O4.2 | AC131097.4 | KIT
6 genes,0.00797206641451087,RP11-203J24.8 | RP11-46H11.12 | NAV2 | CTB-32O4.2 | GS1-115G20.1 | KIT
6 genes,0.0120879889241519,RP11-203J24.8 | RP11-46H11.12 | NAV2 | AC131097.4 | GS1-115G20.1 | KIT
6 genes,0.00589678147436923,RP11-203J24.8 | RP11-46H11.12 | CTB-32O4.2 | AC131097.4 | GS1-115G20.1 | KIT
6 genes,0.00065110121008749,RP11-203J24.8 | NAV2 | CTB-32O4.2 | AC131097.4 | GS1-115G20.1 | KIT
6 genes,0.00324958587486623,DSG1 | RP11-46H11.12 | NAV2 | CTB-32O4.2 | AC131097.4 | GS1-115G20.1
6 genes,0.00122405197775433,DSG1 | RP11-46H11.12 | NAV2 | CTB-32O4.2 | AC131097.4 | KIT
6 genes,0.00536887061944313,DSG1 | RP11-46H11.12 | NAV2 | CTB-32O4.2 | GS1-115G20.1 | KIT
6 genes,0.011272841423608,DSG1 | RP11-46H11.12 | NAV2 | AC131097.4 | GS1-115G20.1 | KIT
6 genes,0.00193095605534366,DSG1 | RP11-46H11.12 | CTB-32O4.2 | AC131097.4 | GS1-115G20.1 | KIT
6 genes,0.0431988934078316,DSG1 | NAV2 | CTB-32O4.2 | AC131097.4 | GS1-115G20.1 | KIT
6 genes,0.00114302168496416,RP11-46H11.12 | NAV2 | CTB-32O4.2 | AC131097.4 | GS1-115G20.1 | KIT
7 genes,0.0051986386929207,RP11-483E7.1 | NLRX1 | RP11-203J24.8 | DSG1 | RP11-46H11.12 | NAV2 | CTB-32O4.2
7 genes,0.0639951503934544,RP11-483E7.1 | NLRX1 | RP11-203J24.8 | DSG1 | RP11-46H11.12 | NAV2 | AC131097.4
7 genes,0.00672893482577952,RP11-483E7.1 | NLRX1 | RP11-203J24.8 | DSG1 | RP11-46H11.12 | NAV2 | GS1-115G20.1
7 genes,0.025949110492794,RP11-483E7.1 | NLRX1 | RP11-203J24.8 | DSG1 | RP11-46H11.12 | NAV2 | KIT
7 genes,0.00336260696604251,RP11-483E7.1 | NLRX1 | RP11-203J24.8 | DSG1 | RP11-46H11.12 | CTB-32O4.2 | AC131097.4
7 genes,0.0115046178561128,RP11-483E7.1 | NLRX1 | RP11-203J24.8 | DSG1 | RP11-46H11.12 | CTB-32O4.2 | GS1-115G20.1
7 genes,0.000772534979558537,RP11-483E7.1 | NLRX1 | RP11-203J24.8 | DSG1 | RP11-46H11.12 | CTB-32O4.2 | KIT
7 genes,0.0499178973861695,RP11-483E7.1 | NLRX1 | RP11-203J24.8 | DSG1 | RP11-46H11.12 | AC131097.4 | GS1-115G20.1
7 genes,0.0103461320877848,RP11-483E7.1 | NLRX1 | RP11-203J24.8 | DSG1 | RP11-46H11.12 | AC131097.4 | KIT
7 genes,0.0404149106691892,RP11-483E7.1 | NLRX1 | RP11-203J24.8 | DSG1 | RP11-46H11.12 | GS1-115G20.1 | KIT
7 genes,0.000995222683051966,RP11-483E7.1 | NLRX1 | RP11-203J24.8 | DSG1 | NAV2 | CTB-32O4.2 | AC131097.4
7 genes,0.00115434341946441,RP11-483E7.1 | NLRX1 | RP11-203J24.8 | DSG1 | NAV2 | CTB-32O4.2 | GS1-115G20.1
7 genes,0.00134177732828311,RP11-483E7.1 | NLRX1 | RP11-203J24.8 | DSG1 | NAV2 | CTB-32O4.2 | KIT
7 genes,0.0161282266392444,RP11-483E7.1 | NLRX1 | RP11-203J24.8 | DSG1 | NAV2 | AC131097.4 | GS1-115G20.1
7 genes,0.0118760335797266,RP11-483E7.1 | NLRX1 | RP11-203J24.8 | DSG1 | NAV2 | AC131097.4 | KIT
7 genes,0.0153718074345272,RP11-483E7.1 | NLRX1 | RP11-203J24.8 | DSG1 | NAV2 | GS1-115G20.1 | KIT
7 genes,0.00198109968162774,RP11-483E7.1 | NLRX1 | RP11-203J24.8 | DSG1 | CTB-32O4.2 | AC131097.4 | GS1-115G20.1
7 genes,0.000155314568255016,RP11-483E7.1 | NLRX1 | RP11-203J24.8 | DSG1 | CTB-32O4.2 | AC131097.4 | KIT
7 genes,0.000402679308632692,RP11-483E7.1 | NLRX1 | RP11-203J24.8 | DSG1 | CTB-32O4.2 | GS1-115G20.1 | KIT
7 genes,0.00299876474341709,RP11-483E7.1 | NLRX1 | RP11-203J24.8 | DSG1 | AC131097.4 | GS1-115G20.1 | KIT
7 genes,0.000526981445766128,RP11-483E7.1 | NLRX1 | RP11-203J24.8 | RP11-46H11.12 | NAV2 | CTB-32O4.2 | AC131097.4
7 genes,0.000714963514443667,RP11-483E7.1 | NLRX1 | RP11-203J24.8 | RP11-46H11.12 | NAV2 | CTB-32O4.2 | GS1-115G20.1
7 genes,0.000873882029852169,RP11-483E7.1 | NLRX1 | RP11-203J24.8 | RP11-46H11.12 | NAV2 | CTB-32O4.2 | KIT
7 genes,0.0331996101593655,RP11-483E7.1 | NLRX1 | RP11-203J24.8 | RP11-46H11.12 | NAV2 | AC131097.4 | GS1-115G20.1
7 genes,0.000266128063123094,RP11-483E7.1 | NLRX1 | RP11-203J24.8 | RP11-46H11.12 | NAV2 | AC131097.4 | KIT
7 genes,0.00474358388540408,RP11-483E7.1 | NLRX1 | RP11-203J24.8 | RP11-46H11.12 | NAV2 | GS1-115G20.1 | KIT
7 genes,0.00500095869759698,RP11-483E7.1 | NLRX1 | RP11-203J24.8 | RP11-46H11.12 | CTB-32O4.2 | AC131097.4 | GS1-115G20.1
7 genes,0.000168374331735444,RP11-483E7.1 | NLRX1 | RP11-203J24.8 | RP11-46H11.12 | CTB-32O4.2 | AC131097.4 | KIT
7 genes,0.000146722317883929,RP11-483E7.1 | NLRX1 | RP11-203J24.8 | RP11-46H11.12 | CTB-32O4.2 | GS1-115G20.1 | KIT
7 genes,0.000720563391839235,RP11-483E7.1 | NLRX1 | RP11-203J24.8 | RP11-46H11.12 | AC131097.4 | GS1-115G20.1 | KIT
7 genes,7.5846286891168e-05,RP11-483E7.1 | NLRX1 | RP11-203J24.8 | NAV2 | CTB-32O4.2 | AC131097.4 | GS1-115G20.1
7 genes,6.89884571588584e-05,RP11-483E7.1 | NLRX1 | RP11-203J24.8 | NAV2 | CTB-32O4.2 | AC131097.4 | KIT
7 genes,0.00105840689055692,RP11-483E7.1 | NLRX1 | RP11-203J24.8 | NAV2 | CTB-32O4.2 | GS1-115G20.1 | KIT
7 genes,0.00130185875078603,RP11-483E7.1 | NLRX1 | RP11-203J24.8 | NAV2 | AC131097.4 | GS1-115G20.1 | KIT
7 genes,2.88751531680731e-05,RP11-483E7.1 | NLRX1 | RP11-203J24.8 | CTB-32O4.2 | AC131097.4 | GS1-115G20.1 | KIT
7 genes,0.00174381022878345,RP11-483E7.1 | NLRX1 | DSG1 | RP11-46H11.12 | NAV2 | CTB-32O4.2 | AC131097.4
7 genes,0.00236491831030639,RP11-483E7.1 | NLRX1 | DSG1 | RP11-46H11.12 | NAV2 | CTB-32O4.2 | GS1-115G20.1
7 genes,0.00332350235622991,RP11-483E7.1 | NLRX1 | DSG1 | RP11-46H11.12 | NAV2 | CTB-32O4.2 | KIT
7 genes,0.00447976294216956,RP11-483E7.1 | NLRX1 | DSG1 | RP11-46H11.12 | NAV2 | AC131097.4 | GS1-115G20.1
7 genes,0.00105205111636364,RP11-483E7.1 | NLRX1 | DSG1 | RP11-46H11.12 | NAV2 | AC131097.4 | KIT
7 genes,0.00602833507178446,RP11-483E7.1 | NLRX1 | DSG1 | RP11-46H11.12 | NAV2 | GS1-115G20.1 | KIT
7 genes,0.00480606676679107,RP11-483E7.1 | NLRX1 | DSG1 | RP11-46H11.12 | CTB-32O4.2 | AC131097.4 | GS1-115G20.1
7 genes,0.00018905431184979,RP11-483E7.1 | NLRX1 | DSG1 | RP11-46H11.12 | CTB-32O4.2 | AC131097.4 | KIT
7 genes,0.00237025131304125,RP11-483E7.1 | NLRX1 | DSG1 | RP11-46H11.12 | CTB-32O4.2 | GS1-115G20.1 | KIT
7 genes,0.00144059826283816,RP11-483E7.1 | NLRX1 | DSG1 | RP11-46H11.12 | AC131097.4 | GS1-115G20.1 | KIT
7 genes,0.000464078902137066,RP11-483E7.1 | NLRX1 | DSG1 | NAV2 | CTB-32O4.2 | AC131097.4 | GS1-115G20.1
7 genes,0.000609746266247213,RP11-483E7.1 | NLRX1 | DSG1 | NAV2 | CTB-32O4.2 | AC131097.4 | KIT
7 genes,0.00287178635618246,RP11-483E7.1 | NLRX1 | DSG1 | NAV2 | CTB-32O4.2 | GS1-115G20.1 | KIT
7 genes,0.0160046967493996,RP11-483E7.1 | NLRX1 | DSG1 | NAV2 | AC131097.4 | GS1-115G20.1 | KIT
7 genes,0.000210449800418511,RP11-483E7.1 | NLRX1 | DSG1 | CTB-32O4.2 | AC131097.4 | GS1-115G20.1 | KIT
7 genes,0.000130783377336519,RP11-483E7.1 | NLRX1 | RP11-46H11.12 | NAV2 | CTB-32O4.2 | AC131097.4 | GS1-115G20.1
7 genes,0.000244005563590943,RP11-483E7.1 | NLRX1 | RP11-46H11.12 | NAV2 | CTB-32O4.2 | AC131097.4 | KIT
7 genes,0.00145308027181112,RP11-483E7.1 | NLRX1 | RP11-46H11.12 | NAV2 | CTB-32O4.2 | GS1-115G20.1 | KIT
7 genes,0.00203892491869917,RP11-483E7.1 | NLRX1 | RP11-46H11.12 | NAV2 | AC131097.4 | GS1-115G20.1 | KIT
7 genes,0.000728367845966194,RP11-483E7.1 | NLRX1 | RP11-46H11.12 | CTB-32O4.2 | AC131097.4 | GS1-115G20.1 | KIT
7 genes,0.000177179547725004,RP11-483E7.1 | NLRX1 | NAV2 | CTB-32O4.2 | AC131097.4 | GS1-115G20.1 | KIT
7 genes,0.00211130536281701,RP11-483E7.1 | RP11-203J24.8 | DSG1 | RP11-46H11.12 | NAV2 | CTB-32O4.2 | AC131097.4
7 genes,0.00181693296782448,RP11-483E7.1 | RP11-203J24.8 | DSG1 | RP11-46H11.12 | NAV2 | CTB-32O4.2 | GS1-115G20.1
7 genes,0.00233235020779743,RP11-483E7.1 | RP11-203J24.8 | DSG1 | RP11-46H11.12 | NAV2 | CTB-32O4.2 | KIT
7 genes,0.021717429484064,RP11-483E7.1 | RP11-203J24.8 | DSG1 | RP11-46H11.12 | NAV2 | AC131097.4 | GS1-115G20.1
7 genes,0.00178551575538377,RP11-483E7.1 | RP11-203J24.8 | DSG1 | RP11-46H11.12 | NAV2 | AC131097.4 | KIT
7 genes,0.0239582890306518,RP11-483E7.1 | RP11-203J24.8 | DSG1 | RP11-46H11.12 | NAV2 | GS1-115G20.1 | KIT
7 genes,0.00549213924314407,RP11-483E7.1 | RP11-203J24.8 | DSG1 | RP11-46H11.12 | CTB-32O4.2 | AC131097.4 | GS1-115G20.1
7 genes,0.000813914018739537,RP11-483E7.1 | RP11-203J24.8 | DSG1 | RP11-46H11.12 | CTB-32O4.2 | AC131097.4 | KIT
7 genes,0.0071499537232762,RP11-483E7.1 | RP11-203J24.8 | DSG1 | RP11-46H11.12 | CTB-32O4.2 | GS1-115G20.1 | KIT
7 genes,0.00678603525250299,RP11-483E7.1 | RP11-203J24.8 | DSG1 | RP11-46H11.12 | AC131097.4 | GS1-115G20.1 | KIT
7 genes,0.00136301767575941,RP11-483E7.1 | RP11-203J24.8 | DSG1 | NAV2 | CTB-32O4.2 | AC131097.4 | GS1-115G20.1
7 genes,0.00117772244471914,RP11-483E7.1 | RP11-203J24.8 | DSG1 | NAV2 | CTB-32O4.2 | AC131097.4 | KIT
7 genes,0.00148102264376071,RP11-483E7.1 | RP11-203J24.8 | DSG1 | NAV2 | CTB-32O4.2 | GS1-115G20.1 | KIT
7 genes,0.161595420543069,RP11-483E7.1 | RP11-203J24.8 | DSG1 | NAV2 | AC131097.4 | GS1-115G20.1 | KIT
7 genes,0.0001622358608937,RP11-483E7.1 | RP11-203J24.8 | DSG1 | CTB-32O4.2 | AC131097.4 | GS1-115G20.1 | KIT
7 genes,0.000142926303330015,RP11-483E7.1 | RP11-203J24.8 | RP11-46H11.12 | NAV2 | CTB-32O4.2 | AC131097.4 | GS1-115G20.1
7 genes,0.000283741617222333,RP11-483E7.1 | RP11-203J24.8 | RP11-46H11.12 | NAV2 | CTB-32O4.2 | AC131097.4 | KIT
7 genes,0.000241161606051365,RP11-483E7.1 | RP11-203J24.8 | RP11-46H11.12 | NAV2 | CTB-32O4.2 | GS1-115G20.1 | KIT
7 genes,0.00152035099524328,RP11-483E7.1 | RP11-203J24.8 | RP11-46H11.12 | NAV2 | AC131097.4 | GS1-115G20.1 | KIT
7 genes,0.00045241663712936,RP11-483E7.1 | RP11-203J24.8 | RP11-46H11.12 | CTB-32O4.2 | AC131097.4 | GS1-115G20.1 | KIT
7 genes,0.000150223760287838,RP11-483E7.1 | RP11-203J24.8 | NAV2 | CTB-32O4.2 | AC131097.4 | GS1-115G20.1 | KIT
7 genes,0.000291959490954619,RP11-483E7.1 | DSG1 | RP11-46H11.12 | NAV2 | CTB-32O4.2 | AC131097.4 | GS1-115G20.1
7 genes,0.000186338719728507,RP11-483E7.1 | DSG1 | RP11-46H11.12 | NAV2 | CTB-32O4.2 | AC131097.4 | KIT
7 genes,0.000748582963684408,RP11-483E7.1 | DSG1 | RP11-46H11.12 | NAV2 | CTB-32O4.2 | GS1-115G20.1 | KIT
7 genes,0.000407178227974536,RP11-483E7.1 | DSG1 | RP11-46H11.12 | NAV2 | AC131097.4 | GS1-115G20.1 | KIT
7 genes,0.00107277633375524,RP11-483E7.1 | DSG1 | RP11-46H11.12 | CTB-32O4.2 | AC131097.4 | GS1-115G20.1 | KIT
7 genes,0.00814725233645663,RP11-483E7.1 | DSG1 | NAV2 | CTB-32O4.2 | AC131097.4 | GS1-115G20.1 | KIT
7 genes,6.02158527199803e-05,RP11-483E7.1 | RP11-46H11.12 | NAV2 | CTB-32O4.2 | AC131097.4 | GS1-115G20.1 | KIT
7 genes,0.0020581532378684,NLRX1 | RP11-203J24.8 | DSG1 | RP11-46H11.12 | NAV2 | CTB-32O4.2 | AC131097.4
7 genes,0.00878424277025558,NLRX1 | RP11-203J24.8 | DSG1 | RP11-46H11.12 | NAV2 | CTB-32O4.2 | GS1-115G20.1
7 genes,0.00729341315101972,NLRX1 | RP11-203J24.8 | DSG1 | RP11-46H11.12 | NAV2 | CTB-32O4.2 | KIT
7 genes,0.0080965819844111,NLRX1 | RP11-203J24.8 | DSG1 | RP11-46H11.12 | NAV2 | AC131097.4 | GS1-115G20.1
7 genes,0.00665206373453908,NLRX1 | RP11-203J24.8 | DSG1 | RP11-46H11.12 | NAV2 | AC131097.4 | KIT
7 genes,0.0568254894701357,NLRX1 | RP11-203J24.8 | DSG1 | RP11-46H11.12 | NAV2 | GS1-115G20.1 | KIT
7 genes,0.00680276561454596,NLRX1 | RP11-203J24.8 | DSG1 | RP11-46H11.12 | CTB-32O4.2 | AC131097.4 | GS1-115G20.1
7 genes,0.00168043852819977,NLRX1 | RP11-203J24.8 | DSG1 | RP11-46H11.12 | CTB-32O4.2 | AC131097.4 | KIT
7 genes,0.00608964702548864,NLRX1 | RP11-203J24.8 | DSG1 | RP11-46H11.12 | CTB-32O4.2 | GS1-115G20.1 | KIT
7 genes,0.0131439067779359,NLRX1 | RP11-203J24.8 | DSG1 | RP11-46H11.12 | AC131097.4 | GS1-115G20.1 | KIT
7 genes,0.000442329584983581,NLRX1 | RP11-203J24.8 | DSG1 | NAV2 | CTB-32O4.2 | AC131097.4 | GS1-115G20.1
7 genes,0.00204989330565564,NLRX1 | RP11-203J24.8 | DSG1 | NAV2 | CTB-32O4.2 | AC131097.4 | KIT
7 genes,0.0112881187534571,NLRX1 | RP11-203J24.8 | DSG1 | NAV2 | CTB-32O4.2 | GS1-115G20.1 | KIT
7 genes,0.000446160346210478,NLRX1 | RP11-203J24.8 | DSG1 | NAV2 | AC131097.4 | GS1-115G20.1 | KIT
7 genes,0.00402205839010072,NLRX1 | RP11-203J24.8 | DSG1 | CTB-32O4.2 | AC131097.4 | GS1-115G20.1 | KIT
7 genes,0.00162928310502031,NLRX1 | RP11-203J24.8 | RP11-46H11.12 | NAV2 | CTB-32O4.2 | AC131097.4 | GS1-115G20.1
7 genes,0.00126645492759681,NLRX1 | RP11-203J24.8 | RP11-46H11.12 | NAV2 | CTB-32O4.2 | AC131097.4 | KIT
7 genes,0.00751270849088304,NLRX1 | RP11-203J24.8 | RP11-46H11.12 | NAV2 | CTB-32O4.2 | GS1-115G20.1 | KIT
7 genes,0.00340877607599943,NLRX1 | RP11-203J24.8 | RP11-46H11.12 | NAV2 | AC131097.4 | GS1-115G20.1 | KIT
7 genes,0.000639292231329192,NLRX1 | RP11-203J24.8 | RP11-46H11.12 | CTB-32O4.2 | AC131097.4 | GS1-115G20.1 | KIT
7 genes,0.00176995623713283,NLRX1 | RP11-203J24.8 | NAV2 | CTB-32O4.2 | AC131097.4 | GS1-115G20.1 | KIT
7 genes,0.00126698314574847,NLRX1 | DSG1 | RP11-46H11.12 | NAV2 | CTB-32O4.2 | AC131097.4 | GS1-115G20.1
7 genes,0.000788384164105427,NLRX1 | DSG1 | RP11-46H11.12 | NAV2 | CTB-32O4.2 | AC131097.4 | KIT
7 genes,0.00846036043099618,NLRX1 | DSG1 | RP11-46H11.12 | NAV2 | CTB-32O4.2 | GS1-115G20.1 | KIT
7 genes,0.00173980105567939,NLRX1 | DSG1 | RP11-46H11.12 | NAV2 | AC131097.4 | GS1-115G20.1 | KIT
7 genes,0.000176234159995126,NLRX1 | DSG1 | RP11-46H11.12 | CTB-32O4.2 | AC131097.4 | GS1-115G20.1 | KIT
7 genes,0.0013166157582748,NLRX1 | DSG1 | NAV2 | CTB-32O4.2 | AC131097.4 | GS1-115G20.1 | KIT
7 genes,0.000712471938979276,NLRX1 | RP11-46H11.12 | NAV2 | CTB-32O4.2 | AC131097.4 | GS1-115G20.1 | KIT
7 genes,0.00365838576430488,RP11-203J24.8 | DSG1 | RP11-46H11.12 | NAV2 | CTB-32O4.2 | AC131097.4 | GS1-115G20.1
7 genes,0.00421983833828776,RP11-203J24.8 | DSG1 | RP11-46H11.12 | NAV2 | CTB-32O4.2 | AC131097.4 | KIT
7 genes,0.0343328863726418,RP11-203J24.8 | DSG1 | RP11-46H11.12 | NAV2 | CTB-32O4.2 | GS1-115G20.1 | KIT
7 genes,0.0413695187654838,RP11-203J24.8 | DSG1 | RP11-46H11.12 | NAV2 | AC131097.4 | GS1-115G20.1 | KIT
7 genes,0.00359276160847777,RP11-203J24.8 | DSG1 | RP11-46H11.12 | CTB-32O4.2 | AC131097.4 | GS1-115G20.1 | KIT
7 genes,0.00101486038182996,RP11-203J24.8 | DSG1 | NAV2 | CTB-32O4.2 | AC131097.4 | GS1-115G20.1 | KIT
7 genes,0.000612550325814309,RP11-203J24.8 | RP11-46H11.12 | NAV2 | CTB-32O4.2 | AC131097.4 | GS1-115G20.1 | KIT
7 genes,0.00217420158282944,DSG1 | RP11-46H11.12 | NAV2 | CTB-32O4.2 | AC131097.4 | GS1-115G20.1 | KIT
8 genes,0.000809870005327396,RP11-483E7.1 | NLRX1 | RP11-203J24.8 | DSG1 | RP11-46H11.12 | NAV2 | CTB-32O4.2 | AC131097.4
8 genes,0.00493961842920942,RP11-483E7.1 | NLRX1 | RP11-203J24.8 | DSG1 | RP11-46H11.12 | NAV2 | CTB-32O4.2 | GS1-115G20.1
8 genes,0.00160463804465727,RP11-483E7.1 | NLRX1 | RP11-203J24.8 | DSG1 | RP11-46H11.12 | NAV2 | CTB-32O4.2 | KIT
8 genes,0.0715022182621979,RP11-483E7.1 | NLRX1 | RP11-203J24.8 | DSG1 | RP11-46H11.12 | NAV2 | AC131097.4 | GS1-115G20.1
8 genes,0.00580401557365773,RP11-483E7.1 | NLRX1 | RP11-203J24.8 | DSG1 | RP11-46H11.12 | NAV2 | AC131097.4 | KIT
8 genes,0.00619684507685869,RP11-483E7.1 | NLRX1 | RP11-203J24.8 | DSG1 | RP11-46H11.12 | NAV2 | GS1-115G20.1 | KIT
8 genes,0.0108611729776109,RP11-483E7.1 | NLRX1 | RP11-203J24.8 | DSG1 | RP11-46H11.12 | CTB-32O4.2 | AC131097.4 | GS1-115G20.1
8 genes,0.000291741846399018,RP11-483E7.1 | NLRX1 | RP11-203J24.8 | DSG1 | RP11-46H11.12 | CTB-32O4.2 | AC131097.4 | KIT
8 genes,0.000831071067435296,RP11-483E7.1 | NLRX1 | RP11-203J24.8 | DSG1 | RP11-46H11.12 | CTB-32O4.2 | GS1-115G20.1 | KIT
8 genes,0.00919353808018863,RP11-483E7.1 | NLRX1 | RP11-203J24.8 | DSG1 | RP11-46H11.12 | AC131097.4 | GS1-115G20.1 | KIT
8 genes,0.00059302470693845,RP11-483E7.1 | NLRX1 | RP11-203J24.8 | DSG1 | NAV2 | CTB-32O4.2 | AC131097.4 | GS1-115G20.1
8 genes,0.000189405826948041,RP11-483E7.1 | NLRX1 | RP11-203J24.8 | DSG1 | NAV2 | CTB-32O4.2 | AC131097.4 | KIT
8 genes,0.00134177732828311,RP11-483E7.1 | NLRX1 | RP11-203J24.8 | DSG1 | NAV2 | CTB-32O4.2 | GS1-115G20.1 | KIT
8 genes,0.0279852901097767,RP11-483E7.1 | NLRX1 | RP11-203J24.8 | DSG1 | NAV2 | AC131097.4 | GS1-115G20.1 | KIT
8 genes,9.98039382955618e-05,RP11-483E7.1 | NLRX1 | RP11-203J24.8 | DSG1 | CTB-32O4.2 | AC131097.4 | GS1-115G20.1 | KIT
8 genes,0.000628532856092656,RP11-483E7.1 | NLRX1 | RP11-203J24.8 | RP11-46H11.12 | NAV2 | CTB-32O4.2 | AC131097.4 | GS1-115G20.1
8 genes,8.81146062172711e-05,RP11-483E7.1 | NLRX1 | RP11-203J24.8 | RP11-46H11.12 | NAV2 | CTB-32O4.2 | AC131097.4 | KIT
8 genes,0.000873882029852169,RP11-483E7.1 | NLRX1 | RP11-203J24.8 | RP11-46H11.12 | NAV2 | CTB-32O4.2 | GS1-115G20.1 | KIT
8 genes,0.000328723927179864,RP11-483E7.1 | NLRX1 | RP11-203J24.8 | RP11-46H11.12 | NAV2 | AC131097.4 | GS1-115G20.1 | KIT
8 genes,9.74498832140291e-05,RP11-483E7.1 | NLRX1 | RP11-203J24.8 | RP11-46H11.12 | CTB-32O4.2 | AC131097.4 | GS1-115G20.1 | KIT
8 genes,4.58831266257897e-05,RP11-483E7.1 | NLRX1 | RP11-203J24.8 | NAV2 | CTB-32O4.2 | AC131097.4 | GS1-115G20.1 | KIT
8 genes,0.00166127233483959,RP11-483E7.1 | NLRX1 | DSG1 | RP11-46H11.12 | NAV2 | CTB-32O4.2 | AC131097.4 | GS1-115G20.1
8 genes,0.000495202548997709,RP11-483E7.1 | NLRX1 | DSG1 | RP11-46H11.12 | NAV2 | CTB-32O4.2 | AC131097.4 | KIT
8 genes,0.00271337502754021,RP11-483E7.1 | NLRX1 | DSG1 | RP11-46H11.12 | NAV2 | CTB-32O4.2 | GS1-115G20.1 | KIT
8 genes,0.00135641159043887,RP11-483E7.1 | NLRX1 | DSG1 | RP11-46H11.12 | NAV2 | AC131097.4 | GS1-115G20.1 | KIT
8 genes,0.000268994642129261,RP11-483E7.1 | NLRX1 | DSG1 | RP11-46H11.12 | CTB-32O4.2 | AC131097.4 | GS1-115G20.1 | KIT
8 genes,0.000609746266247213,RP11-483E7.1 | NLRX1 | DSG1 | NAV2 | CTB-32O4.2 | AC131097.4 | GS1-115G20.1 | KIT
8 genes,0.000244005563590943,RP11-483E7.1 | NLRX1 | RP11-46H11.12 | NAV2 | CTB-32O4.2 | AC131097.4 | GS1-115G20.1 | KIT
8 genes,0.00196902419642231,RP11-483E7.1 | RP11-203J24.8 | DSG1 | RP11-46H11.12 | NAV2 | CTB-32O4.2 | AC131097.4 | GS1-115G20.1
8 genes,0.00211130536281701,RP11-483E7.1 | RP11-203J24.8 | DSG1 | RP11-46H11.12 | NAV2 | CTB-32O4.2 | AC131097.4 | KIT
8 genes,0.00181693296782448,RP11-483E7.1 | RP11-203J24.8 | DSG1 | RP11-46H11.12 | NAV2 | CTB-32O4.2 | GS1-115G20.1 | KIT
8 genes,0.00524369575348838,RP11-483E7.1 | RP11-203J24.8 | DSG1 | RP11-46H11.12 | NAV2 | AC131097.4 | GS1-115G20.1 | KIT
8 genes,0.000227744354170722,RP11-483E7.1 | RP11-203J24.8 | DSG1 | RP11-46H11.12 | CTB-32O4.2 | AC131097.4 | GS1-115G20.1 | KIT
8 genes,0.00117772244471914,RP11-483E7.1 | RP11-203J24.8 | DSG1 | NAV2 | CTB-32O4.2 | AC131097.4 | GS1-115G20.1 | KIT
8 genes,0.000279823156433046,RP11-483E7.1 | RP11-203J24.8 | RP11-46H11.12 | NAV2 | CTB-32O4.2 | AC131097.4 | GS1-115G20.1 | KIT
8 genes,0.000290384389099341,RP11-483E7.1 | DSG1 | RP11-46H11.12 | NAV2 | CTB-32O4.2 | AC131097.4 | GS1-115G20.1 | KIT
8 genes,0.0020581532378684,NLRX1 | RP11-203J24.8 | DSG1 | RP11-46H11.12 | NAV2 | CTB-32O4.2 | AC131097.4 | GS1-115G20.1
8 genes,0.00184432702520276,NLRX1 | RP11-203J24.8 | DSG1 | RP11-46H11.12 | NAV2 | CTB-32O4.2 | AC131097.4 | KIT
8 genes,0.00722945888365389,NLRX1 | RP11-203J24.8 | DSG1 | RP11-46H11.12 | NAV2 | CTB-32O4.2 | GS1-115G20.1 | KIT
8 genes,0.00146669715325798,NLRX1 | RP11-203J24.8 | DSG1 | RP11-46H11.12 | NAV2 | AC131097.4 | GS1-115G20.1 | KIT
8 genes,0.00105080432303661,NLRX1 | RP11-203J24.8 | DSG1 | RP11-46H11.12 | CTB-32O4.2 | AC131097.4 | GS1-115G20.1 | KIT
8 genes,0.00204989330565564,NLRX1 | RP11-203J24.8 | DSG1 | NAV2 | CTB-32O4.2 | AC131097.4 | GS1-115G20.1 | KIT
8 genes,0.00134739502819625,NLRX1 | RP11-203J24.8 | RP11-46H11.12 | NAV2 | CTB-32O4.2 | AC131097.4 | GS1-115G20.1 | KIT
8 genes,0.000907694433369799,NLRX1 | DSG1 | RP11-46H11.12 | NAV2 | CTB-32O4.2 | AC131097.4 | GS1-115G20.1 | KIT
8 genes,0.00448992164683149,RP11-203J24.8 | DSG1 | RP11-46H11.12 | NAV2 | CTB-32O4.2 | AC131097.4 | GS1-115G20.1 | KIT
9 genes,0.000544870863803837,RP11-483E7.1 | NLRX1 | RP11-203J24.8 | DSG1 | RP11-46H11.12 | NAV2 | CTB-32O4.2 | AC131097.4 | GS1-115G20.1
9 genes,0.00087661835806585,RP11-483E7.1 | NLRX1 | RP11-203J24.8 | DSG1 | RP11-46H11.12 | NAV2 | CTB-32O4.2 | AC131097.4 | KIT
9 genes,0.00149184951797898,RP11-483E7.1 | NLRX1 | RP11-203J24.8 | DSG1 | RP11-46H11.12 | NAV2 | CTB-32O4.2 | GS1-115G20.1 | KIT
9 genes,0.00541490121141752,RP11-483E7.1 | NLRX1 | RP11-203J24.8 | DSG1 | RP11-46H11.12 | NAV2 | AC131097.4 | GS1-115G20.1 | KIT
9 genes,0.00166910425523026,RP11-483E7.1 | NLRX1 | RP11-203J24.8 | DSG1 | RP11-46H11.12 | CTB-32O4.2 | AC131097.4 | GS1-115G20.1 | KIT
9 genes,0.000214943353036068,RP11-483E7.1 | NLRX1 | RP11-203J24.8 | DSG1 | NAV2 | CTB-32O4.2 | AC131097.4 | GS1-115G20.1 | KIT
9 genes,3.17345600766572e-05,RP11-483E7.1 | NLRX1 | RP11-203J24.8 | RP11-46H11.12 | NAV2 | CTB-32O4.2 | AC131097.4 | GS1-115G20.1 | KIT
9 genes,0.000495202548997709,RP11-483E7.1 | NLRX1 | DSG1 | RP11-46H11.12 | NAV2 | CTB-32O4.2 | AC131097.4 | GS1-115G20.1 | KIT
9 genes,0.00320466009220322,RP11-483E7.1 | RP11-203J24.8 | DSG1 | RP11-46H11.12 | NAV2 | CTB-32O4.2 | AC131097.4 | GS1-115G20.1 | KIT
9 genes,0.00179593365754038,NLRX1 | RP11-203J24.8 | DSG1 | RP11-46H11.12 | NAV2 | CTB-32O4.2 | AC131097.4 | GS1-115G20.1 | KIT
10 genes,0.000135809038102175,RP11-483E7.1 | NLRX1 | RP11-203J24.8 | DSG1 | RP11-46H11.12 | NAV2 | CTB-32O4.2 | AC131097.4 | GS1-115G20.1 | KIT
